-- phpMyAdmin SQL Dump
-- version 5.0.2
-- https://www.phpmyadmin.net/
--
-- Host: 127.0.0.1
-- Generation Time: Oct 26, 2021 at 10:04 PM
-- Server version: 10.4.14-MariaDB
-- PHP Version: 7.4.9

SET SQL_MODE = "NO_AUTO_VALUE_ON_ZERO";
START TRANSACTION;
SET time_zone = "+00:00";


/*!40101 SET @OLD_CHARACTER_SET_CLIENT=@@CHARACTER_SET_CLIENT */;
/*!40101 SET @OLD_CHARACTER_SET_RESULTS=@@CHARACTER_SET_RESULTS */;
/*!40101 SET @OLD_COLLATION_CONNECTION=@@COLLATION_CONNECTION */;
/*!40101 SET NAMES utf8mb4 */;

--
-- Database: `tour_management`
--

-- --------------------------------------------------------

--
-- Table structure for table `tb_calendar_package`
--

CREATE TABLE `tb_calendar_package` (
  `id_calendar_package` int(11) NOT NULL,
  `id_package_tour` int(11) NOT NULL,
  `id_account` int(10) UNSIGNED NOT NULL,
  `id_stop_sell` tinyint(2) NOT NULL,
  `date_ticket` char(10) NOT NULL,
  `inventory` int(10) UNSIGNED NOT NULL,
  `cut_off_day` smallint(5) UNSIGNED NOT NULL,
  `cut_off_hours` tinyint(3) UNSIGNED NOT NULL,
  `booking_before` smallint(5) UNSIGNED NOT NULL,
  `promotion_code` varchar(100) NOT NULL,
  `price_adult` int(10) UNSIGNED NOT NULL,
  `price_child` int(10) UNSIGNED NOT NULL
) ENGINE=InnoDB DEFAULT CHARSET=utf8;

--
-- Dumping data for table `tb_calendar_package`
--

INSERT INTO `tb_calendar_package` (`id_calendar_package`, `id_package_tour`, `id_account`, `id_stop_sell`, `date_ticket`, `inventory`, `cut_off_day`, `cut_off_hours`, `booking_before`, `promotion_code`, `price_adult`, `price_child`) VALUES
(22, 1, 2021000002, 1, '2021-10-02', 200, 17, 12, 55, 'Code', 150, 100),
(23, 1, 2021000002, 1, '2021-10-01', 200, 17, 12, 55, 'Code', 150, 100),
(24, 1, 2021000002, 1, '2021-10-03', 200, 17, 12, 55, 'Code', 150, 100),
(25, 1, 2021000002, 1, '2021-10-04', 200, 17, 12, 55, 'Code', 150, 100),
(26, 1, 2021000002, 1, '2021-10-05', 200, 17, 12, 55, 'Code', 150, 100),
(27, 1, 2021000002, 1, '2021-10-06', 200, 17, 12, 23, 'Code', 150, 100),
(28, 1, 2021000002, 1, '2021-10-07', 200, 17, 12, 23, 'Code', 150, 100),
(29, 1, 2021000002, 1, '2021-10-08', 200, 17, 12, 23, 'Code', 150, 100),
(30, 1, 2021000002, 1, '2021-10-09', 200, 17, 12, 55, 'Code', 150, 100),
(31, 1, 2021000002, 1, '2021-10-10', 200, 17, 12, 55, 'Code', 150, 100),
(32, 1, 2021000002, 1, '2021-10-11', 200, 17, 12, 55, 'Code', 150, 100),
(33, 1, 2021000002, 1, '2021-10-12', 200, 17, 12, 55, 'Code', 150, 100),
(34, 1, 2021000002, 1, '2021-10-13', 200, 17, 12, 55, 'Code', 150, 100),
(35, 1, 2021000002, 1, '2021-10-14', 200, 17, 12, 55, 'Code', 150, 100),
(36, 1, 2021000002, 1, '2021-10-15', 200, 17, 12, 55, 'Code', 150, 100),
(37, 1, 2021000002, 1, '2021-10-16', 500, 17, 12, 55, 'Code', 150, 100),
(38, 1, 2021000002, 1, '2021-10-17', 500, 17, 12, 55, 'Code', 150, 100),
(39, 1, 2021000002, 1, '2021-10-18', 500, 17, 12, 55, 'Code', 150, 100),
(40, 1, 2021000002, 1, '2021-10-19', 500, 17, 12, 55, 'Code', 150, 100),
(41, 1, 2021000002, 1, '2021-10-20', 500, 17, 12, 55, 'Code', 150, 100),
(42, 1, 2021000002, 1, '2021-10-21', 500, 17, 12, 55, 'Code', 150, 100),
(43, 1, 2021000002, 1, '2021-10-22', 500, 30, 12, 55, 'Code', 150, 100),
(44, 1, 2021000002, 1, '2021-10-23', 500, 30, 12, 55, 'Code', 150, 100),
(45, 1, 2021000002, 1, '2021-10-24', 500, 30, 12, 55, 'Code', 150, 100),
(46, 1, 2021000002, 1, '2021-10-25', 500, 30, 12, 55, 'Code', 150, 100),
(47, 1, 2021000002, 1, '2021-10-26', 500, 30, 12, 55, 'Code', 150, 100),
(48, 1, 2021000002, 1, '2021-10-27', 500, 30, 12, 0, 'Code', 150, 100),
(49, 1, 2021000002, 1, '2021-10-28', 500, 30, 12, 0, 'Code', 150, 100),
(50, 1, 2021000002, 1, '2021-10-29', 500, 30, 12, 0, 'Code', 150, 100),
(51, 1, 2021000002, 1, '2021-10-30', 500, 30, 12, 0, 'Code', 150, 100),
(52, 1, 2021000002, 2, '2025-01-01', 555, 0, 0, 0, '', 0, 0),
(53, 1, 2021000002, 2, '2025-01-02', 555, 0, 0, 0, '', 0, 0),
(54, 1, 2021000002, 2, '2025-01-03', 555, 0, 0, 0, '', 0, 0),
(55, 1, 2021000002, 2, '2025-01-04', 555, 0, 0, 0, '', 0, 0),
(56, 1, 2021000002, 2, '2025-01-05', 555, 0, 0, 0, '', 0, 0),
(57, 1, 2021000002, 2, '2025-01-06', 555, 0, 0, 0, '', 0, 0),
(58, 1, 2021000002, 2, '2025-01-07', 555, 0, 0, 0, '', 0, 0),
(59, 1, 2021000002, 2, '2025-01-08', 555, 0, 0, 0, '', 0, 0),
(60, 1, 2021000002, 2, '2025-01-09', 555, 0, 0, 0, '', 0, 0),
(61, 1, 2021000002, 2, '2025-01-10', 555, 0, 0, 0, '', 0, 0),
(62, 1, 2021000002, 2, '2025-01-11', 555, 0, 0, 0, '', 0, 0),
(63, 1, 2021000002, 1, '2025-01-12', 555, 0, 0, 0, '', 0, 0),
(64, 1, 2021000002, 2, '2025-01-13', 555, 0, 0, 0, '', 0, 0),
(65, 1, 2021000002, 2, '2025-01-14', 555, 0, 0, 0, '', 0, 0),
(66, 1, 2021000002, 2, '2025-01-15', 555, 0, 0, 0, '', 0, 0),
(67, 1, 2021000002, 2, '2025-01-16', 555, 0, 0, 0, '', 0, 0),
(68, 1, 2021000002, 2, '2025-01-17', 555, 0, 0, 0, '', 0, 0),
(69, 1, 2021000002, 2, '2025-01-18', 555, 0, 0, 0, '', 0, 0),
(70, 1, 2021000002, 2, '2025-01-19', 555, 0, 0, 0, '', 0, 0),
(71, 1, 2021000002, 2, '2025-01-20', 555, 0, 0, 0, '', 0, 0),
(72, 1, 2021000002, 2, '2025-01-21', 555, 0, 0, 0, '', 0, 0),
(73, 1, 2021000002, 2, '2025-01-22', 555, 0, 0, 0, '', 0, 0),
(74, 1, 2021000002, 2, '2025-01-23', 555, 0, 0, 0, '', 0, 0),
(75, 1, 2021000002, 2, '2025-01-24', 555, 0, 0, 0, '', 0, 0),
(76, 1, 2021000002, 2, '2025-01-25', 555, 0, 0, 0, '', 0, 0),
(77, 1, 2021000002, 2, '2025-01-26', 555, 0, 0, 0, '', 0, 0),
(78, 1, 2021000002, 2, '2025-01-27', 555, 0, 0, 0, '', 0, 0),
(79, 1, 2021000002, 2, '2025-01-28', 555, 0, 0, 0, '', 0, 0),
(80, 1, 2021000002, 2, '2025-01-29', 555, 0, 0, 0, '', 0, 0),
(81, 1, 2021000002, 2, '2025-01-30', 555, 0, 0, 0, '', 0, 0),
(82, 1, 2021000002, 2, '2025-01-31', 555, 0, 0, 0, '', 0, 0),
(83, 1, 2021000002, 1, '2025-02-01', 222, 0, 0, 0, '', 0, 0),
(84, 1, 2021000002, 1, '2025-02-02', 222, 0, 0, 0, '', 0, 0),
(85, 1, 2021000002, 1, '2025-02-03', 222, 0, 0, 0, '', 0, 0),
(86, 1, 2021000002, 1, '2025-02-04', 222, 0, 0, 0, '', 0, 0),
(87, 1, 2021000002, 1, '2025-02-05', 222, 0, 0, 0, '', 0, 0),
(88, 1, 2021000002, 1, '2025-02-06', 222, 0, 0, 0, '', 0, 0),
(89, 1, 2021000002, 1, '2025-02-07', 222, 0, 0, 0, '', 0, 0),
(90, 1, 2021000002, 1, '2025-02-08', 222, 0, 0, 0, '', 0, 0),
(91, 1, 2021000002, 1, '2025-02-09', 222, 0, 0, 0, '', 0, 0),
(92, 1, 2021000002, 1, '2025-02-10', 222, 0, 0, 0, '', 0, 0),
(93, 1, 2021000002, 1, '2025-02-11', 222, 0, 0, 0, '', 0, 0),
(94, 1, 2021000002, 1, '2025-02-12', 222, 0, 0, 0, '', 0, 0),
(95, 1, 2021000002, 1, '2025-02-13', 222, 0, 0, 0, '', 0, 0),
(96, 1, 2021000002, 1, '2025-02-14', 222, 0, 0, 0, '', 0, 0),
(97, 1, 2021000002, 1, '2025-02-15', 222, 0, 0, 0, '', 0, 0),
(98, 1, 2021000002, 1, '2025-02-16', 222, 0, 0, 0, '', 0, 0),
(99, 1, 2021000002, 1, '2025-02-17', 222, 0, 0, 0, '', 0, 0),
(100, 1, 2021000002, 1, '2025-02-18', 222, 0, 0, 0, '', 0, 0),
(101, 1, 2021000002, 1, '2025-02-19', 222, 0, 0, 0, '', 0, 0),
(102, 1, 2021000002, 1, '2025-02-20', 222, 0, 0, 0, '', 0, 0),
(103, 1, 2021000002, 1, '2025-02-21', 222, 0, 0, 0, '', 0, 0),
(104, 1, 2021000002, 1, '2025-02-22', 222, 0, 0, 0, '', 0, 0),
(105, 1, 2021000002, 1, '2025-02-23', 222, 0, 0, 0, '', 0, 0),
(106, 1, 2021000002, 1, '2025-02-24', 222, 0, 0, 0, '', 0, 0),
(107, 1, 2021000002, 1, '2025-02-25', 222, 0, 0, 0, '', 0, 0),
(108, 1, 2021000002, 1, '2025-02-26', 222, 0, 0, 0, '', 0, 0),
(109, 1, 2021000002, 1, '2025-02-27', 222, 0, 0, 0, '', 0, 0),
(110, 1, 2021000002, 1, '2025-02-28', 222, 0, 0, 0, '', 0, 0),
(111, 1, 2021000002, 1, '2025-03-01', 222, 0, 0, 0, '', 0, 0),
(112, 1, 2021000002, 1, '2025-03-02', 222, 0, 0, 0, '', 0, 0),
(113, 1, 2021000002, 1, '2025-03-03', 222, 0, 0, 0, '', 0, 0),
(114, 1, 2021000002, 1, '2025-03-04', 222, 0, 0, 0, '', 0, 0),
(115, 1, 2021000002, 1, '2025-03-05', 222, 0, 0, 0, '', 0, 0),
(116, 1, 2021000002, 1, '2025-03-06', 222, 0, 0, 0, '', 0, 0),
(117, 1, 2021000002, 1, '2025-03-07', 222, 0, 0, 0, '', 0, 0),
(118, 1, 2021000002, 1, '2025-03-08', 222, 0, 0, 0, '', 0, 0),
(119, 1, 2021000002, 1, '2025-03-09', 222, 0, 0, 0, '', 0, 0),
(120, 1, 2021000002, 1, '2025-03-10', 222, 0, 0, 0, '', 0, 0),
(121, 1, 2021000002, 1, '2025-03-11', 222, 0, 0, 0, '', 0, 0),
(122, 1, 2021000002, 1, '2025-03-12', 222, 0, 0, 0, '', 0, 0),
(123, 1, 2021000002, 1, '2025-03-13', 222, 0, 0, 0, '', 0, 0),
(124, 1, 2021000002, 1, '2025-03-14', 222, 0, 0, 0, '', 0, 0),
(125, 1, 2021000002, 1, '2025-03-15', 222, 0, 0, 0, '', 0, 0),
(126, 1, 2021000002, 1, '2025-03-16', 222, 0, 0, 0, '', 0, 0),
(127, 1, 2021000002, 1, '2025-03-17', 222, 0, 0, 0, '', 0, 0),
(128, 1, 2021000002, 1, '2025-03-18', 222, 0, 0, 0, '', 0, 0),
(129, 1, 2021000002, 1, '2025-03-19', 222, 0, 0, 0, '', 0, 0),
(130, 1, 2021000002, 1, '2025-03-20', 222, 0, 0, 0, '', 0, 0),
(131, 1, 2021000002, 1, '2025-03-21', 222, 0, 0, 0, '', 0, 0),
(132, 1, 2021000002, 1, '2025-03-22', 222, 0, 0, 0, '', 0, 0),
(133, 1, 2021000002, 1, '2025-03-23', 222, 0, 0, 0, '', 0, 0),
(134, 1, 2021000002, 1, '2025-03-24', 222, 0, 0, 0, '', 0, 0),
(135, 1, 2021000002, 1, '2025-03-25', 222, 0, 0, 0, '', 0, 0),
(136, 1, 2021000002, 1, '2025-03-26', 222, 0, 0, 0, '', 0, 0),
(137, 1, 2021000002, 1, '2025-03-27', 222, 0, 0, 0, '', 0, 0),
(138, 1, 2021000002, 1, '2025-03-28', 222, 0, 0, 0, '', 0, 0),
(139, 1, 2021000002, 1, '2025-03-29', 222, 0, 0, 0, '', 0, 0),
(140, 1, 2021000002, 1, '2025-03-30', 222, 0, 0, 0, '', 0, 0),
(141, 1, 2021000002, 1, '2025-03-31', 222, 0, 0, 0, '', 0, 0),
(142, 1, 2021000002, 1, '2025-04-01', 222, 0, 0, 0, '', 0, 0),
(143, 1, 2021000002, 1, '2025-04-02', 222, 0, 0, 0, '', 0, 0),
(144, 1, 2021000002, 1, '2025-04-03', 222, 0, 0, 0, '', 0, 0),
(145, 1, 2021000002, 1, '2025-04-04', 222, 0, 0, 0, '', 0, 0),
(146, 1, 2021000002, 1, '2025-04-05', 222, 0, 0, 0, '', 0, 0),
(147, 1, 2021000002, 1, '2025-04-06', 222, 0, 0, 0, '', 0, 0),
(148, 1, 2021000002, 1, '2025-04-07', 222, 0, 0, 0, '', 0, 0),
(149, 1, 2021000002, 1, '2025-04-08', 222, 0, 0, 0, '', 0, 0),
(150, 1, 2021000002, 1, '2025-04-09', 222, 0, 0, 0, '', 0, 0),
(151, 1, 2021000002, 1, '2025-04-10', 222, 0, 0, 0, '', 0, 0),
(152, 1, 2021000002, 1, '2025-04-11', 222, 0, 0, 0, '', 0, 0),
(153, 1, 2021000002, 1, '2025-04-12', 222, 0, 0, 0, '', 0, 0),
(154, 1, 2021000002, 1, '2025-04-13', 222, 0, 0, 0, '', 0, 0),
(155, 1, 2021000002, 1, '2025-04-14', 222, 0, 0, 0, '', 0, 0),
(156, 1, 2021000002, 1, '2025-04-15', 222, 0, 0, 0, '', 0, 0),
(157, 1, 2021000002, 1, '2025-04-16', 222, 0, 0, 0, '', 0, 0),
(158, 1, 2021000002, 1, '2025-04-17', 222, 0, 0, 0, '', 0, 0),
(159, 1, 2021000002, 1, '2025-04-18', 222, 0, 0, 0, '', 0, 0),
(160, 1, 2021000002, 1, '2025-04-19', 222, 0, 0, 0, '', 0, 0),
(161, 1, 2021000002, 1, '2025-04-20', 222, 0, 0, 0, '', 0, 0),
(162, 1, 2021000002, 1, '2025-04-21', 222, 0, 0, 0, '', 0, 0),
(163, 1, 2021000002, 1, '2025-04-22', 222, 0, 0, 0, '', 0, 0),
(164, 1, 2021000002, 1, '2025-04-23', 222, 0, 0, 0, '', 0, 0),
(165, 1, 2021000002, 1, '2025-04-24', 222, 0, 0, 0, '', 0, 0),
(166, 1, 2021000002, 1, '2025-04-25', 222, 0, 0, 0, '', 0, 0),
(167, 1, 2021000002, 1, '2025-04-26', 222, 0, 0, 0, '', 0, 0),
(168, 1, 2021000002, 1, '2025-04-27', 222, 0, 0, 0, '', 0, 0),
(169, 1, 2021000002, 1, '2025-04-28', 222, 0, 0, 0, '', 0, 0),
(170, 1, 2021000002, 1, '2025-04-29', 222, 0, 0, 0, '', 0, 0),
(171, 1, 2021000002, 1, '2025-04-30', 222, 0, 0, 0, '', 0, 0),
(172, 1, 2021000002, 1, '2025-05-01', 222, 0, 0, 0, '', 0, 0),
(173, 1, 2021000002, 1, '2025-05-02', 222, 0, 0, 0, '', 0, 0),
(174, 1, 2021000002, 1, '2025-05-03', 222, 0, 0, 0, '', 0, 0),
(175, 1, 2021000002, 1, '2025-05-04', 222, 0, 0, 0, '', 0, 0),
(176, 1, 2021000002, 1, '2025-05-05', 222, 0, 0, 0, '', 0, 0),
(177, 1, 2021000002, 1, '2025-05-06', 222, 0, 0, 0, '', 0, 0),
(178, 1, 2021000002, 1, '2025-05-07', 222, 0, 0, 0, '', 0, 0),
(179, 1, 2021000002, 1, '2025-05-08', 222, 0, 0, 0, '', 0, 0),
(180, 1, 2021000002, 1, '2025-05-09', 222, 0, 0, 0, '', 0, 0),
(181, 1, 2021000002, 1, '2025-05-10', 222, 0, 0, 0, '', 0, 0),
(182, 1, 2021000002, 1, '2025-05-11', 222, 0, 0, 0, '', 0, 0),
(183, 1, 2021000002, 1, '2025-05-12', 222, 0, 0, 0, '', 0, 0),
(184, 1, 2021000002, 1, '2025-05-13', 222, 0, 0, 0, '', 0, 0),
(185, 1, 2021000002, 1, '2025-05-14', 222, 0, 0, 0, '', 0, 0),
(186, 1, 2021000002, 1, '2025-05-15', 222, 0, 0, 0, '', 0, 0),
(187, 1, 2021000002, 1, '2025-05-16', 222, 0, 0, 0, '', 0, 0),
(188, 1, 2021000002, 1, '2025-05-17', 222, 0, 0, 0, '', 0, 0),
(189, 1, 2021000002, 1, '2025-05-18', 222, 0, 0, 0, '', 0, 0),
(190, 1, 2021000002, 1, '2025-05-19', 222, 0, 0, 0, '', 0, 0),
(191, 1, 2021000002, 1, '2025-05-20', 222, 0, 0, 0, '', 0, 0),
(192, 1, 2021000002, 1, '2025-05-21', 222, 0, 0, 0, '', 0, 0),
(193, 1, 2021000002, 1, '2025-05-22', 222, 0, 0, 0, '', 0, 0),
(194, 1, 2021000002, 1, '2025-05-23', 222, 0, 0, 0, '', 0, 0),
(195, 1, 2021000002, 1, '2025-05-24', 222, 0, 0, 0, '', 0, 0),
(196, 1, 2021000002, 1, '2025-05-25', 222, 0, 0, 0, '', 0, 0),
(197, 1, 2021000002, 1, '2025-05-26', 222, 0, 0, 0, '', 0, 0),
(198, 1, 2021000002, 1, '2025-05-27', 222, 0, 0, 0, '', 0, 0),
(199, 1, 2021000002, 1, '2025-05-28', 222, 0, 0, 0, '', 0, 0),
(200, 1, 2021000002, 1, '2025-05-29', 222, 0, 0, 0, '', 0, 0),
(201, 1, 2021000002, 1, '2025-05-30', 222, 0, 0, 0, '', 0, 0),
(202, 1, 2021000002, 1, '2025-05-31', 222, 0, 0, 0, '', 0, 0),
(203, 1, 2021000002, 1, '2025-06-01', 222, 0, 0, 0, '', 0, 0),
(204, 1, 2021000002, 1, '2025-06-02', 222, 0, 0, 0, '', 0, 0),
(205, 1, 2021000002, 1, '2025-06-03', 222, 0, 0, 0, '', 0, 0),
(206, 1, 2021000002, 1, '2025-06-04', 222, 0, 0, 0, '', 0, 0),
(207, 1, 2021000002, 1, '2025-06-05', 222, 0, 0, 0, '', 0, 0),
(208, 1, 2021000002, 1, '2025-06-06', 222, 0, 0, 0, '', 0, 0),
(209, 1, 2021000002, 1, '2025-06-07', 222, 0, 0, 0, '', 0, 0),
(210, 1, 2021000002, 1, '2025-06-08', 222, 0, 0, 0, '', 0, 0),
(211, 1, 2021000002, 1, '2025-06-09', 222, 0, 0, 0, '', 0, 0),
(212, 1, 2021000002, 1, '2025-06-10', 222, 0, 0, 0, '', 0, 0),
(213, 1, 2021000002, 1, '2025-06-11', 222, 0, 0, 0, '', 0, 0),
(214, 1, 2021000002, 1, '2025-06-12', 222, 0, 0, 0, '', 0, 0),
(215, 1, 2021000002, 1, '2025-06-13', 222, 0, 0, 0, '', 0, 0),
(216, 1, 2021000002, 1, '2025-06-14', 222, 0, 0, 0, '', 0, 0),
(217, 1, 2021000002, 1, '2025-06-15', 222, 0, 0, 0, '', 0, 0),
(218, 1, 2021000002, 1, '2025-06-16', 222, 0, 0, 0, '', 0, 0),
(219, 1, 2021000002, 1, '2025-06-17', 222, 0, 0, 0, '', 0, 0),
(220, 1, 2021000002, 1, '2025-06-18', 222, 0, 0, 0, '', 0, 0),
(221, 1, 2021000002, 1, '2025-06-19', 222, 0, 0, 0, '', 0, 0),
(222, 1, 2021000002, 1, '2025-06-20', 222, 0, 0, 0, '', 0, 0),
(223, 1, 2021000002, 1, '2025-06-21', 222, 0, 0, 0, '', 0, 0),
(224, 1, 2021000002, 1, '2025-06-22', 222, 0, 0, 0, '', 0, 0),
(225, 1, 2021000002, 1, '2025-06-23', 222, 0, 0, 0, '', 0, 0),
(226, 1, 2021000002, 1, '2025-06-24', 222, 0, 0, 0, '', 0, 0),
(227, 1, 2021000002, 1, '2025-06-25', 222, 0, 0, 0, '', 0, 0),
(228, 1, 2021000002, 1, '2025-06-26', 222, 0, 0, 0, '', 0, 0),
(229, 1, 2021000002, 1, '2025-06-27', 222, 0, 0, 0, '', 0, 0),
(230, 1, 2021000002, 1, '2025-06-28', 222, 0, 0, 0, '', 0, 0),
(231, 1, 2021000002, 1, '2025-06-29', 222, 0, 0, 0, '', 0, 0),
(232, 1, 2021000002, 1, '2025-06-30', 222, 0, 0, 0, '', 0, 0),
(233, 1, 2021000002, 1, '2025-07-01', 222, 0, 0, 0, '', 0, 0),
(234, 1, 2021000002, 1, '2025-07-02', 222, 0, 0, 0, '', 0, 0),
(235, 1, 2021000002, 1, '2025-07-03', 222, 0, 0, 0, '', 0, 0),
(236, 1, 2021000002, 1, '2025-07-04', 222, 0, 0, 0, '', 0, 0),
(237, 1, 2021000002, 1, '2025-07-05', 222, 0, 0, 0, '', 0, 0),
(238, 1, 2021000002, 1, '2025-07-06', 222, 0, 0, 0, '', 0, 0),
(239, 1, 2021000002, 1, '2025-07-07', 222, 0, 0, 0, '', 0, 0),
(240, 1, 2021000002, 1, '2025-07-08', 222, 0, 0, 0, '', 0, 0),
(241, 1, 2021000002, 1, '2025-07-09', 222, 0, 0, 0, '', 0, 0),
(242, 1, 2021000002, 1, '2025-07-10', 222, 0, 0, 0, '', 0, 0),
(243, 1, 2021000002, 1, '2025-07-11', 222, 0, 0, 0, '', 0, 0),
(244, 1, 2021000002, 1, '2025-07-12', 222, 0, 0, 0, '', 0, 0),
(245, 1, 2021000002, 1, '2025-07-13', 222, 0, 0, 0, '', 0, 0),
(246, 1, 2021000002, 1, '2025-07-14', 222, 0, 0, 0, '', 0, 0),
(247, 1, 2021000002, 1, '2025-07-15', 222, 0, 0, 0, '', 0, 0),
(248, 1, 2021000002, 1, '2025-07-16', 222, 0, 0, 0, '', 0, 0),
(249, 1, 2021000002, 1, '2025-07-17', 222, 0, 0, 0, '', 0, 0),
(250, 1, 2021000002, 1, '2025-07-18', 222, 0, 0, 0, '', 0, 0),
(251, 1, 2021000002, 1, '2025-07-19', 222, 0, 0, 0, '', 0, 0),
(252, 1, 2021000002, 1, '2025-07-20', 222, 0, 0, 0, '', 0, 0),
(253, 1, 2021000002, 1, '2025-07-21', 222, 0, 0, 0, '', 0, 0),
(254, 1, 2021000002, 1, '2025-07-22', 222, 0, 0, 0, '', 0, 0),
(255, 1, 2021000002, 1, '2025-07-23', 222, 0, 0, 0, '', 0, 0),
(256, 1, 2021000002, 1, '2025-07-24', 222, 0, 0, 0, '', 0, 0),
(257, 1, 2021000002, 1, '2025-07-25', 222, 0, 0, 0, '', 0, 0),
(258, 1, 2021000002, 1, '2025-07-26', 222, 0, 0, 0, '', 0, 0),
(259, 1, 2021000002, 1, '2025-07-27', 222, 0, 0, 0, '', 0, 0),
(260, 1, 2021000002, 1, '2025-07-28', 222, 0, 0, 0, '', 0, 0),
(261, 1, 2021000002, 1, '2025-07-29', 222, 0, 0, 0, '', 0, 0),
(262, 1, 2021000002, 1, '2025-07-30', 222, 0, 0, 0, '', 0, 0),
(263, 1, 2021000002, 1, '2025-07-31', 222, 0, 0, 0, '', 0, 0),
(264, 1, 2021000002, 1, '2025-08-01', 222, 0, 0, 0, '', 0, 0),
(265, 1, 2021000002, 1, '2025-08-02', 222, 0, 0, 0, '', 0, 0),
(266, 1, 2021000002, 1, '2025-08-03', 222, 0, 0, 0, '', 0, 0),
(267, 1, 2021000002, 1, '2025-08-04', 222, 0, 0, 0, '', 0, 0),
(268, 1, 2021000002, 1, '2025-08-05', 222, 0, 0, 0, '', 0, 0),
(269, 1, 2021000002, 1, '2025-08-06', 222, 0, 0, 0, '', 0, 0),
(270, 1, 2021000002, 1, '2025-08-07', 222, 0, 0, 0, '', 0, 0),
(271, 1, 2021000002, 1, '2025-08-08', 222, 0, 0, 0, '', 0, 0),
(272, 1, 2021000002, 1, '2025-08-09', 222, 0, 0, 0, '', 0, 0),
(273, 1, 2021000002, 1, '2025-08-10', 222, 0, 0, 0, '', 0, 0),
(274, 1, 2021000002, 1, '2025-08-11', 222, 0, 0, 0, '', 0, 0),
(275, 1, 2021000002, 1, '2025-08-12', 222, 0, 0, 0, '', 0, 0),
(276, 1, 2021000002, 1, '2025-08-13', 222, 0, 0, 0, '', 0, 0),
(277, 1, 2021000002, 1, '2025-08-14', 222, 0, 0, 0, '', 0, 0),
(278, 1, 2021000002, 1, '2025-08-15', 222, 0, 0, 0, '', 0, 0),
(279, 1, 2021000002, 1, '2025-08-16', 222, 0, 0, 0, '', 0, 0),
(280, 1, 2021000002, 1, '2025-08-17', 222, 0, 0, 0, '', 0, 0),
(281, 1, 2021000002, 1, '2025-08-18', 222, 0, 0, 0, '', 0, 0),
(282, 1, 2021000002, 1, '2025-08-19', 222, 0, 0, 0, '', 0, 0),
(283, 1, 2021000002, 1, '2025-08-20', 222, 0, 0, 0, '', 0, 0),
(284, 1, 2021000002, 1, '2025-08-21', 222, 0, 0, 0, '', 0, 0),
(285, 1, 2021000002, 1, '2025-08-22', 222, 0, 0, 0, '', 0, 0),
(286, 1, 2021000002, 1, '2025-08-23', 222, 0, 0, 0, '', 0, 0),
(287, 1, 2021000002, 1, '2025-08-24', 222, 0, 0, 0, '', 0, 0),
(288, 1, 2021000002, 1, '2025-08-25', 222, 0, 0, 0, '', 0, 0),
(289, 1, 2021000002, 1, '2025-08-26', 222, 0, 0, 0, '', 0, 0),
(290, 1, 2021000002, 1, '2025-08-27', 222, 0, 0, 0, '', 0, 0),
(291, 1, 2021000002, 1, '2025-08-28', 222, 0, 0, 0, '', 0, 0),
(292, 1, 2021000002, 1, '2025-08-29', 222, 0, 0, 0, '', 0, 0),
(293, 1, 2021000002, 1, '2025-08-30', 222, 0, 0, 0, '', 0, 0),
(294, 1, 2021000002, 1, '2025-08-31', 222, 0, 0, 0, '', 0, 0),
(295, 1, 2021000002, 1, '2025-09-01', 222, 0, 0, 0, '', 0, 0),
(296, 1, 2021000002, 1, '2025-09-02', 222, 0, 0, 0, '', 0, 0),
(297, 1, 2021000002, 1, '2025-09-03', 222, 0, 0, 0, '', 0, 0),
(298, 1, 2021000002, 1, '2025-09-04', 222, 0, 0, 0, '', 0, 0),
(299, 1, 2021000002, 1, '2025-09-05', 222, 0, 0, 0, '', 0, 0),
(300, 1, 2021000002, 1, '2025-09-06', 222, 0, 0, 0, '', 0, 0),
(301, 1, 2021000002, 1, '2025-09-07', 222, 0, 0, 0, '', 0, 0),
(302, 1, 2021000002, 1, '2025-09-08', 222, 0, 0, 0, '', 0, 0),
(303, 1, 2021000002, 1, '2025-09-09', 222, 0, 0, 0, '', 0, 0),
(304, 1, 2021000002, 1, '2025-09-10', 222, 0, 0, 0, '', 0, 0),
(305, 1, 2021000002, 1, '2025-09-11', 222, 0, 0, 0, '', 0, 0),
(306, 1, 2021000002, 1, '2025-09-12', 222, 0, 0, 0, '', 0, 0),
(307, 1, 2021000002, 1, '2025-09-13', 222, 0, 0, 0, '', 0, 0),
(308, 1, 2021000002, 1, '2025-09-14', 222, 0, 0, 0, '', 0, 0),
(309, 1, 2021000002, 1, '2025-09-15', 222, 0, 0, 0, '', 0, 0),
(310, 1, 2021000002, 1, '2025-09-16', 222, 0, 0, 0, '', 0, 0),
(311, 1, 2021000002, 1, '2025-09-17', 222, 0, 0, 0, '', 0, 0),
(312, 1, 2021000002, 1, '2025-09-18', 222, 0, 0, 0, '', 0, 0),
(313, 1, 2021000002, 1, '2025-09-19', 222, 0, 0, 0, '', 0, 0),
(314, 1, 2021000002, 1, '2025-09-20', 222, 0, 0, 0, '', 0, 0),
(315, 1, 2021000002, 1, '2025-09-21', 222, 0, 0, 0, '', 0, 0),
(316, 1, 2021000002, 1, '2025-09-22', 222, 0, 0, 0, '', 0, 0),
(317, 1, 2021000002, 1, '2025-09-23', 222, 0, 0, 0, '', 0, 0),
(318, 1, 2021000002, 1, '2025-09-24', 222, 0, 0, 0, '', 0, 0),
(319, 1, 2021000002, 1, '2025-09-25', 222, 0, 0, 0, '', 0, 0),
(320, 1, 2021000002, 1, '2025-09-26', 222, 0, 0, 0, '', 0, 0),
(321, 1, 2021000002, 1, '2025-09-27', 222, 0, 0, 0, '', 0, 0),
(322, 1, 2021000002, 1, '2025-09-28', 222, 0, 0, 0, '', 0, 0),
(323, 1, 2021000002, 1, '2025-09-29', 222, 0, 0, 0, '', 0, 0),
(324, 1, 2021000002, 1, '2025-09-30', 222, 0, 0, 0, '', 0, 0),
(325, 1, 2021000002, 1, '2025-10-01', 222, 0, 0, 0, '', 0, 0),
(326, 1, 2021000002, 1, '2025-10-02', 222, 0, 0, 0, '', 0, 0),
(327, 1, 2021000002, 1, '2025-10-03', 222, 0, 0, 0, '', 0, 0),
(328, 1, 2021000002, 1, '2025-10-04', 222, 0, 0, 0, '', 0, 0),
(329, 1, 2021000002, 1, '2025-10-05', 222, 0, 0, 0, '', 0, 0),
(330, 1, 2021000002, 1, '2025-10-06', 222, 0, 0, 0, '', 0, 0),
(331, 1, 2021000002, 1, '2025-10-07', 222, 0, 0, 0, '', 0, 0),
(332, 1, 2021000002, 1, '2025-10-08', 222, 0, 0, 0, '', 0, 0),
(333, 1, 2021000002, 1, '2025-10-09', 222, 0, 0, 0, '', 0, 0),
(334, 1, 2021000002, 1, '2025-10-10', 222, 0, 0, 0, '', 0, 0),
(335, 1, 2021000002, 1, '2025-10-11', 222, 0, 0, 0, '', 0, 0),
(336, 1, 2021000002, 1, '2025-10-12', 222, 0, 0, 0, '', 0, 0),
(337, 1, 2021000002, 1, '2025-10-13', 222, 0, 0, 0, '', 0, 0),
(338, 1, 2021000002, 1, '2025-10-14', 222, 0, 0, 0, '', 0, 0),
(339, 1, 2021000002, 1, '2025-10-15', 222, 0, 0, 0, '', 0, 0),
(340, 1, 2021000002, 1, '2025-10-16', 222, 0, 0, 0, '', 0, 0),
(341, 1, 2021000002, 1, '2025-10-17', 222, 0, 0, 0, '', 0, 0),
(342, 1, 2021000002, 1, '2025-10-18', 222, 0, 0, 0, '', 0, 0),
(343, 1, 2021000002, 1, '2025-10-19', 222, 0, 0, 0, '', 0, 0),
(344, 1, 2021000002, 1, '2025-10-20', 222, 0, 0, 0, '', 0, 0),
(345, 1, 2021000002, 1, '2025-10-21', 222, 0, 0, 0, '', 0, 0),
(346, 1, 2021000002, 1, '2025-10-22', 222, 0, 0, 0, '', 0, 0),
(347, 1, 2021000002, 1, '2025-10-23', 222, 0, 0, 0, '', 0, 0),
(348, 1, 2021000002, 1, '2025-10-24', 222, 0, 0, 0, '', 0, 0),
(349, 1, 2021000002, 1, '2025-10-25', 222, 0, 0, 0, '', 0, 0),
(350, 1, 2021000002, 1, '2025-10-26', 222, 0, 0, 0, '', 0, 0),
(351, 1, 2021000002, 1, '2025-10-27', 222, 0, 0, 0, '', 0, 0),
(352, 1, 2021000002, 1, '2025-10-28', 222, 0, 0, 0, '', 0, 0),
(353, 1, 2021000002, 1, '2025-10-29', 222, 0, 0, 0, '', 0, 0),
(354, 1, 2021000002, 1, '2025-10-30', 222, 0, 0, 0, '', 0, 0),
(355, 1, 2021000002, 1, '2025-10-31', 222, 0, 0, 0, '', 0, 0),
(356, 1, 2021000002, 1, '2025-11-01', 222, 0, 0, 0, '', 0, 0),
(357, 1, 2021000002, 1, '2025-11-02', 222, 0, 0, 0, '', 0, 0),
(358, 1, 2021000002, 1, '2025-11-03', 222, 0, 0, 0, '', 0, 0),
(359, 1, 2021000002, 1, '2025-11-04', 222, 0, 0, 0, '', 0, 0),
(360, 1, 2021000002, 1, '2025-11-05', 222, 0, 0, 0, '', 0, 0),
(361, 1, 2021000002, 1, '2025-11-06', 222, 0, 0, 0, '', 0, 0),
(362, 1, 2021000002, 1, '2025-11-07', 222, 0, 0, 0, '', 0, 0),
(363, 1, 2021000002, 1, '2025-11-08', 222, 0, 0, 0, '', 0, 0),
(364, 1, 2021000002, 1, '2025-11-09', 222, 0, 0, 0, '', 0, 0),
(365, 1, 2021000002, 1, '2025-11-10', 222, 0, 0, 0, '', 0, 0),
(366, 1, 2021000002, 1, '2025-11-11', 222, 0, 0, 0, '', 0, 0),
(367, 1, 2021000002, 1, '2025-11-12', 222, 0, 0, 0, '', 0, 0),
(368, 1, 2021000002, 1, '2025-11-13', 222, 0, 0, 0, '', 0, 0),
(369, 1, 2021000002, 1, '2025-11-14', 222, 0, 0, 0, '', 0, 0),
(370, 1, 2021000002, 1, '2025-11-15', 222, 0, 0, 0, '', 0, 0),
(371, 1, 2021000002, 1, '2025-11-16', 222, 0, 0, 0, '', 0, 0),
(372, 1, 2021000002, 1, '2025-11-17', 222, 0, 0, 0, '', 0, 0),
(373, 1, 2021000002, 1, '2025-11-18', 222, 0, 0, 0, '', 0, 0),
(374, 1, 2021000002, 1, '2025-11-19', 222, 0, 0, 0, '', 0, 0),
(375, 1, 2021000002, 1, '2025-11-20', 222, 0, 0, 0, '', 0, 0),
(376, 1, 2021000002, 1, '2025-11-21', 222, 0, 0, 0, '', 0, 0),
(377, 1, 2021000002, 1, '2025-11-22', 222, 0, 0, 0, '', 0, 0),
(378, 1, 2021000002, 1, '2025-11-23', 222, 0, 0, 0, '', 0, 0),
(379, 1, 2021000002, 1, '2025-11-24', 222, 0, 0, 0, '', 0, 0),
(380, 1, 2021000002, 1, '2025-11-25', 222, 0, 0, 0, '', 0, 0),
(381, 1, 2021000002, 1, '2025-11-26', 222, 0, 0, 0, '', 0, 0),
(382, 1, 2021000002, 1, '2025-11-27', 222, 0, 0, 0, '', 0, 0),
(383, 1, 2021000002, 1, '2025-11-28', 222, 0, 0, 0, '', 0, 0),
(384, 1, 2021000002, 1, '2025-11-29', 222, 0, 0, 0, '', 0, 0),
(385, 1, 2021000002, 1, '2025-11-30', 222, 0, 0, 0, '', 0, 0),
(386, 1, 2021000002, 1, '2025-12-01', 222, 0, 0, 0, '', 0, 0),
(387, 1, 2021000002, 1, '2025-12-02', 222, 0, 0, 0, '', 0, 0),
(388, 1, 2021000002, 1, '2025-12-03', 222, 0, 0, 0, '', 0, 0),
(389, 1, 2021000002, 1, '2025-12-04', 222, 0, 0, 0, '', 0, 0),
(390, 1, 2021000002, 1, '2025-12-05', 222, 0, 0, 0, '', 0, 0),
(391, 1, 2021000002, 1, '2025-12-06', 222, 0, 0, 0, '', 0, 0),
(392, 1, 2021000002, 1, '2025-12-07', 222, 0, 0, 0, '', 0, 0),
(393, 1, 2021000002, 1, '2025-12-08', 222, 0, 0, 0, '', 0, 0),
(394, 1, 2021000002, 1, '2025-12-09', 222, 0, 0, 0, '', 0, 0),
(395, 1, 2021000002, 1, '2025-12-10', 222, 0, 0, 0, '', 0, 0),
(396, 1, 2021000002, 1, '2025-12-11', 222, 0, 0, 0, '', 0, 0),
(397, 1, 2021000002, 1, '2025-12-12', 222, 0, 0, 0, '', 0, 0),
(398, 1, 2021000002, 1, '2025-12-13', 222, 0, 0, 0, '', 0, 0),
(399, 1, 2021000002, 1, '2025-12-14', 222, 0, 0, 0, '', 0, 0),
(400, 1, 2021000002, 1, '2025-12-15', 222, 0, 0, 0, '', 0, 0),
(401, 1, 2021000002, 1, '2025-12-16', 222, 0, 0, 0, '', 0, 0),
(402, 1, 2021000002, 1, '2025-12-17', 222, 0, 0, 0, '', 0, 0),
(403, 1, 2021000002, 1, '2025-12-18', 222, 0, 0, 0, '', 0, 0),
(404, 1, 2021000002, 1, '2025-12-19', 222, 0, 0, 0, '', 0, 0),
(405, 1, 2021000002, 1, '2025-12-20', 222, 0, 0, 0, '', 0, 0),
(406, 1, 2021000002, 1, '2025-12-21', 222, 0, 0, 0, '', 0, 0),
(407, 1, 2021000002, 1, '2025-12-22', 222, 0, 0, 0, '', 0, 0),
(408, 1, 2021000002, 1, '2025-12-23', 222, 0, 0, 0, '', 0, 0),
(409, 1, 2021000002, 1, '2025-12-24', 222, 0, 0, 0, '', 0, 0),
(410, 1, 2021000002, 1, '2025-12-25', 222, 0, 0, 0, '', 0, 0),
(411, 1, 2021000002, 1, '2025-12-26', 222, 0, 0, 0, '', 0, 0),
(412, 1, 2021000002, 1, '2025-12-27', 222, 0, 0, 0, '', 0, 0),
(413, 1, 2021000002, 1, '2025-12-28', 222, 0, 0, 0, '', 0, 0),
(414, 1, 2021000002, 1, '2025-12-29', 222, 0, 0, 0, '', 0, 0),
(415, 1, 2021000002, 1, '2025-12-30', 222, 0, 0, 0, '', 0, 0),
(416, 1, 2021000002, 1, '2025-12-31', 456, 0, 0, 0, '', 0, 0),
(417, 1, 2021000002, 1, '2021-10-31', 500, 2, 0, 0, '', 0, 0);

-- --------------------------------------------------------

--
-- Table structure for table `tb_data_tours`
--

CREATE TABLE `tb_data_tours` (
  `id_data_tour` int(11) NOT NULL,
  `id_account` int(10) UNSIGNED NOT NULL,
  `id_status_approve` tinyint(2) NOT NULL,
  `tour_name` varchar(255) NOT NULL,
  `tour_address` text NOT NULL,
  `tour_contact_number` varchar(15) NOT NULL,
  `type` varchar(4) NOT NULL,
  `star` varchar(4) NOT NULL,
  `tour_email` varchar(100) NOT NULL,
  `preview_img_name` varchar(100) NOT NULL,
  `alt_preview_img` varchar(100) NOT NULL,
  `title_preview_img` varchar(100) NOT NULL,
  `description_preview_img` varchar(100) NOT NULL,
  `meeting_p_1` text NOT NULL,
  `detail_meeting_p_1` text NOT NULL,
  `meeting_p_2` text NOT NULL,
  `detail_meeting_p_2` text NOT NULL,
  `highlight` text NOT NULL,
  `content` text NOT NULL,
  `includes` text NOT NULL,
  `excludes` text NOT NULL,
  `you_need_to_know` text NOT NULL,
  `how_to_travel` text NOT NULL,
  `cancellation_policy` text NOT NULL,
  `tag` text NOT NULL,
  `last_insert_tour` varchar(10) NOT NULL
) ENGINE=InnoDB DEFAULT CHARSET=utf8;

--
-- Dumping data for table `tb_data_tours`
--

INSERT INTO `tb_data_tours` (`id_data_tour`, `id_account`, `id_status_approve`, `tour_name`, `tour_address`, `tour_contact_number`, `type`, `star`, `tour_email`, `preview_img_name`, `alt_preview_img`, `title_preview_img`, `description_preview_img`, `meeting_p_1`, `detail_meeting_p_1`, `meeting_p_2`, `detail_meeting_p_2`, `highlight`, `content`, `includes`, `excludes`, `you_need_to_know`, `how_to_travel`, `cancellation_policy`, `tag`, `last_insert_tour`) VALUES
(1, 2021000002, 1, 'a1 Test', 'a', 'a', '1', '2', 'a@a.com', 'CocoaTimePlus.png-16306801978219786.png', 'Alt preview', 'Title preview', 'Description preview', 'a', 'a', 'a', 'a', '<p>&lt;p&gt;a&lt;/p&gt;</p>', '<p>&lt;p&gt;a&lt;/p&gt;</p>', '<p>&lt;p&gt;a&lt;/p&gt;</p>', '<p>&lt;p&gt;a&lt;/p&gt;</p>', '<p>&lt;p&gt;a&lt;/p&gt;</p>', '<p>&lt;p&gt;a&lt;/p&gt;</p>', '<p>&lt;p&gt;a&lt;/p&gt;</p>', '', '2021-08-30'),
(3, 2021000002, 1, 'เที่ยวอุดร ภูเรือ เชียงคาน 3วัน2คืน (1)', 'บริษัท a จำกัด', '0813837463', 'Half', '3', 'user@user.com', 'ภูเรือ.jpg-16348367792737787.jpg', 'ภูเรือ, กางเต็นท์ภูเรือ, เที่ยวภูเรือ', 'ภูเรือ', 'กางเต็นท์ภูเรือ', '', '04.30 บริษัท a จำกัด พร้อมกันที่จุดนัดหมาย สนามบินสุวรรณภูมิ บริเวณผู้โดยสารขาออก ชั้น 4 ประตู 2 เจ้าหน้าที่บริษัทฯ พร้อมต้อนรับคอยอำนวยความสะดวก ในการเช็คอิน - ผู้เดินทางต้องเตรียมหลักฐานการจองผ่านโครงการทัวร์เที่ยวไทย เพื่อให้เจ้าหน้าที่ตรวจสอบและสแกนยืนยันสิทธิ์ในวันเดินทาง โดยใช้แอพ เป๋าตัง บนมือถือเครื่องที่ลงทะเบียนใช้สิทธิ์ ทัวร์เที่ยวไทย เท่านั้น หากผู้เดินทางไม่ได้สแกนยืนยันสิทธิ์กับเจ้าหน้าที่ขอสงวนสิทธิ์ยกเลิก การเดินทางทันที และไม่สามารถรับเงินคืนได้ทุกกรณี - นำ้หนักสัมภาระ ได้ท่านละ 20 กิโลกรัม สงวนสิทธิ์การเลือกที่นั่งตามนโยบายของสายการบิน (อาหารว่างบนเครื่องเป็นรูปแบบการนำกลับไปทาน จะได้รับหลังเครื่องบินถึงจุดหมายปลายทาง)', '', '18.00 Smile @Chiang Khan รับประทานอาหารค่ำ ณ ร้าน', '<h2><strong>04.30 บริษัท a จำกัด</strong></h2><p>พร้อมกันที่จุดนัดหมาย สนามบินสุวรรณภูมิ บริเวณผู้โดยสารขาออก ชั้น 4 ประตู 2 เจ้าหน้าที่บริษัทฯ พร้อมต้อนรับคอยอำนวยความสะดวก ในการเช็คอิน</p><p>- ผู้เดินทางต้องเตรียมหลักฐานการจองผ่านโครงการทัวร์เที่ยวไทย เพื่อให้เจ้าหน้าที่ตรวจสอบและสแกนยืนยันสิทธิ์ในวันเดินทาง โดยใช้แอพ เป๋าตัง บนมือถือเครื่องที่ลงทะเบียนใช้สิทธิ์ ทัวร์เที่ยวไทย เท่านั้น หากผู้เดินทางไม่ได้สแกนยืนยันสิทธิ์กับเจ้าหน้าที่ขอสงวนสิทธิ์ยกเลิก การเดินทางทันที และไม่สามารถรับเงินคืนได้ทุกกรณี</p><p>- นำ้หนักสัมภาระ ได้ท่านละ 20 กิโลกรัม สงวนสิทธิ์การเลือกที่นั่งตามนโยบายของสายการบิน (อาหารว่างบนเครื่องเป็นรูปแบบการนำกลับไปทาน จะได้รับหลังเครื่องบินถึงจุดหมายปลายทาง)</p><h2><span style=\"color: rgb(33, 37, 41);\">&nbsp;</span>07.10 บริษัทไทยสมายล์แอร์เวย์ จำกัด</h2><p>ออกเดินทางสู่สนามบินปลายทาง อุดรธานี เที่ยวบิน WE2 โดยสายการบิน ThaiSmile ระยะเวลาการเดินทางประมาณ 1 ชั่วโมง</p><h2><strong style=\"color: rgb(33, 37, 41);\">&nbsp;</strong><strong>08.15 นิติธรรม ธานี รถตู้ VIP</strong></h2><p>ถึงสนามบินอุดรธานี หัวหน้าทัวร์และไกด์ จากบริษัทฯ คอยช่วยเหลือดำเนินการเตรียมเอกสาร เข้าจังหวัดอุดรธานี</p><p>- นำทุกท่านเดินทางท่องเที่ยวตามโปรแกรมทัวร์ โดยใช้รถนั่งปรับอากาศประเภท รถตู้ VIP 10 ที่นั่ง ( แถวละ 3 ที่นั่ง) กำหนดให้นั่งคันละ 6 ท่าน แถวละ 2 ท่านแบบเว้นระยะห่าง โปรดสวมหน้ากากอนามัยตลอดระยะเวลาการเดินทาง และ งดรับประทานอาหาร ของว่าง และเครื่องดื่มในระหว่างการเดินทาง จากนั้น นำทุกท่านเดินทางสู่ สถานที่ท่องเที่ยว สถานที่แรก ทะเลบัวแดงบานหนองหาน จังหวัดอุดรธานี&nbsp;ถือได้ว่าเป็นสถานที่ Unseen Thailand ของจังหวัดอุดรธานี โดยเฉพาะ ช่วงเดือน พย-มค ของทุกปี ในช่วงเช้าดอกบัวสีชมพู จะบานเต็มหนองหาน ใช้เวลาเดินทางจากสนามบินประมาณ 30 นาที</p><h2><span style=\"color: rgb(33, 37, 41);\">&nbsp;</span><strong>10.00 บริษัท ซอฟต์แวร์ ไฟล จำกัด</strong></h2><p>“ทะเลบัวแดง”</p><p>เป็นสวรรค์อีกหนึ่งแห่งของบรรดานักถ่ายภาพ พื้นที่ชุ่มน้ำบึงหนองหาน แห่งนี้ตั้งอยู่ในอำเภอกุมภวาปี จังหวัดอุดรธานี เป็นบึงน้ำจืดที่นอกจากจะมีทะเลดอกบัวแดงแล้ว</p><p><br></p><p>- ยังอุดมไปด้วยพืชน้ำ พันธ์ุนกและสัตว์น้ำ นานาๆพันธ์ุ คณะทัวร์ พาทุกท่านขึ้นเรือ ทุกท่านโปรดสวมร่มชูชีพ โดยใช้เรือบริการขนาดใหญ่ นั่งได้ 6-10 คน ต่อลำ ใช้ระยะเวลาล่องเรือ ประมาณ 1 ชั่วโมง ทะเลบัวแดง แห่งหนองหาน อ.กุมภวาปี บึงน้ำจืดขนาดใหญ่เนื้อที่กว่า 22,500 ไร่ ซึ่งทุก ๆ ปี ในช่วงฤดูหนาวราวเดือน ธ.ค.-ก.พ. ดอก</p><p><br></p><p>-“บัวสาย” หรือ “บัวแดง” ไม้น้ำประจำถิ่นของที่นี่ จะพร้อมใจกันผลิดอกเบ่งบานเป็นสีชมพูสะพรั่งเต็มผืนน้ำ จนกลายเป็นที่รู้จักกันในชื่อ “ทะเลบัวแดง”</p><h2><strong style=\"color: rgb(33, 37, 41);\">&nbsp;</strong><strong>12.00 ร้านแม่หยา อุดร&nbsp;</strong><strong style=\"color: rgb(52, 58, 64);\">หรือเทียบเท่า ( โรงแรม Bellegrand )</strong></h2><p>\"ร้านแม่หยา\" ร้านอาหารในตำนานแห่งเมืองอุดร มีหลากหลายเมนูให้เลือก สไตล์กุ๊กช็อป</p><p>*ในกรณีที่ร้านไม่สามารถร่วมรายการ กับทาง ทัวร์เที่ยวไทย ได้ ขอเปลี่ยนร้านเป็นร้านอาหารจากโรงแรม เบลล์ แกรนด์ อุดรธานี แทน *</p><h2><strong style=\"color: rgb(33, 37, 41);\">&nbsp;</strong><strong>14.00 บริษัท ซอฟต์แวร์ ไฟล จำกัด</strong></h2><p>เที่ยว “คำชะโนด” หรือ “วังนาคินทร์” แห่ง “วัดศิริสุทโธ” ต.วังทอง อ.บ้านดุง จ.อุดรธานี</p><p><br></p><p>มีลักษณะเป็นเกาะน้ำจืด ที่เต็มไปด้วย “ต้นชะโนด” ซึ่งเชื่อกันว่าสถานที่แห่งนี้เป็นทางเชื่อมระหว่างโลกมนุษย์กับเมืองบาดาลของพญานาค</p><p><br></p><p>บนเกาะคำชะโนดมีไฮไลท์สำคัญ คือ “ศาลของเจ้าปู่ศรีสุทโธและเจ้าย่าศรีปทุมมา” (พ่อปู่ศรีสุทโธและแม่ย่าศรีปทุมมา) สิ่งศักดิ์สิทธิ์สูงสุดของที่นี่ ซึ่ง แต่ละวันจะมีคนเดินทางมากราบไหว้เจ้าปู่และเจ้าย่ากันเป็นจำนวนมาก</p><p><br></p><p>นอกจากนี้ก็ยังมี “ต้นมะเดื่อยักษ์” อายุนับ 100 ปี ที่เชื่อกันว่าเป็นขุมทรัพย์ของเจ้าปู่-เจ้าย่า และ “บ่อน้ำศักดิ์สิทธิ์” หรือ “บ่อคำชะโนด” ที่เชื่อกันว่าเป็นทางเข้า-ออก ระหว่างเมืองบาดาลกับโลกมนุษย์ของเหล่าพญานาค</p><h2><strong style=\"color: rgb(33, 37, 41);\">&nbsp;</strong><strong>17.00 โรงแรม เบลล์ แกรนด์ อุดรธานี</strong></h2><p>ถึงที่พัก โรงแรม เบลล์ แกรนด์ อุดรธานี</p><h2><strong style=\"color: rgb(33, 37, 41);\">&nbsp;</strong><strong>18.00 โรงแรม เบลล์ แกรนด์ อุดรธานี</strong></h2><p>รับประทานอาหารค่ำ ณ โรงแรมที่พัก</p>', '<h2><strong>07.00 โรงแรม เบลล์ แกรนด์ อุดรธานี</strong></h2><p>รับประทานอาหารเช้า</p><h2><strong>08.30 นิติธรรม ธานี รถตู้ VIP</strong></h2><p>ออกเดินทางสู่ อ.เมืองเลย ใช้ระยะเวลา ประมาณ 3 ชั่วโมง</p><h2><strong>11.30 ร้านอาหาร ดีเลย</strong></h2><p>รับประทานอาหารกลางวัน ณ ร้านอาหาร ดีเลย</p><h2><strong>14.00 บริษัท ซอฟต์แวร์ ไฟล จำกัด</strong></h2><p>ช่วงบ่าย ถือเป็นไฮไลท์สำคัญของการเที่ยววันนี้ คือการขึ้นยอดดอยภูเรือ ระยะทางจากร้านอาหารเดินทางสู่ อ.ภูเรือประมาณ 1 ชั่วโมง เพื่อขึ้นสู่ยอดดอยภูเรือ ซึ่งอยู่ใน อุทยานแห่งชาติภูเรือ เปลี่ยนรถโดยใช้รถสำหรับขึ้นยอดภู</p><p>*** ใช้เวลาในการถ่ายรูปประมาณ 1 ชั่วโมง</p><p>เดินทางต่อสู่เชียงคาน ใช้ระยะเวลา 2 ชั่วโมง</p><h2><strong>17.00 เชียงคาน ริเวอร์ เมาท์เทน รีสอร์ท&nbsp;</strong><strong style=\"color: rgb(52, 58, 64);\">หรือเทียบเท่า ( ริเวอร์ทรีรีสอร์ท เชียงคาน )</strong></h2><p>เข้าสู่โรงแรมที่ดีระดับ 4ดาวในตัวเมืองเชียงคาน</p><h2><strong>18.00 Smile @Chiang Khan</strong></h2><p>รับประทานอาหารค่ำ ณ ร้าน</p><h2><strong>19.00 บริษัท ซอฟต์แวร์ ไฟล จำกัด</strong></h2><p>จากนั้นทุกท่านสามารถเดินชม ถนนคนเดินเมืองเชียงคาน</p>', '<p><br></p>', '<p><br></p>', '<h2><strong>เงื่อนไขรายการนำเที่ยว</strong></h2><p>จำนวนผู้เดินทางขั้นต่ำ 12 ท่าน ไม่เกิน 18 ท่าน ใช้รถตู้VIPนั่ง คันละ 6 ท่าน/คัน</p><p>1. ผู้ร่วมเดินทางควรได้รับการฉีดวัคซีนป้องกันโควิด2019 ครบ 2 เข็มก่อนวันเดินทางตามโปรแกรม</p><p>2.บริษัทขอสงวนสิทธิ์ยกเลิก หรือเลื่อนการเดินทาง ในกรณีที่ผู้เดินทางไม่ครบตามจำนวนที่กำหนด</p><p>3.ขอเลื่อนการเดินทาง ไม่สามารถทำได้</p><p>4.การยกเลิกการเดินทาง</p><p>4.1 ขอยกเลิกก่อนการเดินทางมากกว่า 30 วัน คืนเงินค่าทัวร์ที่จ่ายไปแล้ว 100% หัก ค่าใช้จ่ายที่จ่ายจริงของบริษัททัวร์(ถ้ามี)</p><p>4.2 ขอยกเลิกก่อนเดินทาง 15-29 วัน คืนเงินค่าทัวร์ที่จ่ายไปแล้ว 50% หัก ค่าใช้จ่ายจริงของบริษัททัวร์(ถ้ามี)</p><p>ขอยกเลิกก่อนการเดินทาง 0-14 วัน ไม่ได้เงินคืน</p><p>4.3 กรณีมีเหตุยกเลิกทัวร์ โดยไม่ใช่ความผิดบริษัททัวร์ คืนเงินค่าทัวร์ ที่จ่ายไปแล้ว 100% หัก ค่าใช้จ่ายที่จ่ายจริงของบริษัททัวร์(ถ้ามี)</p><p>***ค่าใช้จ่ายจริงของบริษัททัวร์ ได้แก่ ค่าธรรมเนียมการสำรองที่นั่งตั๋วเครื่องบิน / รถไฟ / รถที่ใช้เดินทาง , ค่าใช้จ่ายที่จำเป็นอื่นๆ โดยทาง บริษัทฯ จะแสดงหลักฐานให้แก่นักท่องเที่ยวให้ทราบ</p><p>5. เงื่อนไขส่วนลด 40% สำหรับลูกค้าที่เข้าร่วมโครงการทัวร์เที่ยวไทยเท่านั้นและรับชำระด้วยแอฟพลิเคชั่น เป๋าตัง เท่านั้น</p><p>6. สำหรับผู้เข้าร่วมโครงการทัวร์เที่ยวไทย ผู้เดินทางต้องเตรียมหลักฐานการจองผ่านโครงการทัวร์เที่ยวไทย เพื่อให้เจ้าหน้าที่ตรวจสอบและสแกนยืนยันสิทธิ์ในวันเดินทาง โดยใช้แอพ เป๋าตัง บนมือถือเครื่องที่ลงทะเบียนใช้สิทธิ์ ทัวร์เที่ยวไทย เท่านั้น หากผู้เดินทางไม่ได้สแกนยืนยันสิทธิ์กับเจ้าหน้าที่ขอสงวนสิทธิ์ยกเลิก การเดินทางทันที และไม่สามารถรับเงินคืนได้ทุกกรณี</p><p>7. ไม่สามารถเลื่อนหรือเปลี่ยนแปลงวันเดินทางได้</p><p>8. ไม่สามารถคืนเงินบางส่วนกรณีที่ไม่ได้ร่วมทริปในบางวัน</p><p>9. โปรแกรมทัวร์อาจมีการสลับดำดับการเที่ยวเพื่อความเหมาะสม</p><p>10. บริษัทฯ ขอสงวนสิทธิ์ในการเปลี่ยนแปลงรายการการท่องเที่ยวที่เกิดเหตุจำเป็นสุดวิสัย อาทิ การยกเลิกเที่ยวบิน, การล่าช้าของสายการบิน, การล่าช้าของรถไฟ,การนัดหยุดงาน ,ภัยธรรมชาติ, การก่อจลาจล, อุบัติเหตุ ฯลฯ ทั้งนี้จะคำนึงถึงผลประโยชน์ และจะรักษาผลประโยชน์ของท่านไว้ให้ได้มากที่สุด</p>', '<p><br></p>', '<h2><strong>หมายเหตุ</strong></h2><p>*** ในกรณีที่แหล่งท่องเที่ยวปิด ตามมาตรการ COVID ทางบริษัทฯ ขอเปลี่ยนแหล่งท่องเที่ยวอื่น ที่อยู่นอกโปรแกรม***</p>', '', '2021-08-30'),
(4, 2021000002, 2, 'a3 Test', 'a', 'a', '2', '3', 'a@a.com', 'โกโก้3.jpg-16302597298601673.jpg', '', '', '', 'a', 'a', 'a', 'a', '<p>&lt;p&gt;a&lt;/p&gt;</p>', '<p>&lt;p&gt;a&lt;/p&gt;</p>', '<p>&lt;p&gt;a&lt;/p&gt;</p>', '<p>&lt;p&gt;a&lt;/p&gt;</p>', '<p>&lt;p&gt;a&lt;/p&gt;</p>', '<p>&lt;p&gt;a&lt;/p&gt;</p>', '<p>&lt;p&gt;a&lt;/p&gt;</p>', '', '2021-08-30'),
(5, 2021000002, 2, 'a4 Test', 'a', 'a', '3', '2.5', 'a@a.com', 'CocoaTimePlus.png-16302601422419074.png', '', '', '', 'a', 'a', 'a', 'a', '<p>&lt;p&gt;a&lt;/p&gt;</p>', '<p>&lt;p&gt;a&lt;/p&gt;</p>', '<p>&lt;p&gt;a&lt;/p&gt;</p>', '<p>&lt;p&gt;a&lt;/p&gt;</p>', '<p>&lt;p&gt;a&lt;/p&gt;</p>', '<p>&lt;p&gt;a&lt;/p&gt;</p>', '<p>&lt;p&gt;a&lt;/p&gt;</p>', '', '2021-08-30'),
(6, 2021000002, 2, 'เที่ยวอุดร ภูเรือ เชียงคาน 3วัน2คืน (2)', 'บริษัท a จำกัด', '0813837463', '3', '3', 'user@user.com', 'ภูเรือ.jpg-16352744439098337.jpg', '', '', '', '', '04.30 บริษัท a จำกัด พร้อมกันที่จุดนัดหมาย สนามบินสุวรรณภูมิ บริเวณผู้โดยสารขาออก ชั้น 4 ประตู 2 เจ้าหน้าที่บริษัทฯ พร้อมต้อนรับคอยอำนวยความสะดวก ในการเช็คอิน - ผู้เดินทางต้องเตรียมหลักฐานการจองผ่านโครงการทัวร์เที่ยวไทย เพื่อให้เจ้าหน้าที่ตรวจสอบและสแกนยืนยันสิทธิ์ในวันเดินทาง โดยใช้แอพ เป๋าตัง บนมือถือเครื่องที่ลงทะเบียนใช้สิทธิ์ ทัวร์เที่ยวไทย เท่านั้น หากผู้เดินทางไม่ได้สแกนยืนยันสิทธิ์กับเจ้าหน้าที่ขอสงวนสิทธิ์ยกเลิก การเดินทางทันที และไม่สามารถรับเงินคืนได้ทุกกรณี - นำ้หนักสัมภาระ ได้ท่านละ 20 กิโลกรัม สงวนสิทธิ์การเลือกที่นั่งตามนโยบายของสายการบิน (อาหารว่างบนเครื่องเป็นรูปแบบการนำกลับไปทาน จะได้รับหลังเครื่องบินถึงจุดหมายปลายทาง)', '', '18.00 Smile @Chiang Khan รับประทานอาหารค่ำ ณ ร้าน', '<h2><strong>04.30 บริษัท a จำกัด</strong></h2><p>พร้อมกันที่จุดนัดหมาย สนามบินสุวรรณภูมิ บริเวณผู้โดยสารขาออก ชั้น 4 ประตู 2 เจ้าหน้าที่บริษัทฯ พร้อมต้อนรับคอยอำนวยความสะดวก ในการเช็คอิน</p><p>- ผู้เดินทางต้องเตรียมหลักฐานการจองผ่านโครงการทัวร์เที่ยวไทย เพื่อให้เจ้าหน้าที่ตรวจสอบและสแกนยืนยันสิทธิ์ในวันเดินทาง โดยใช้แอพ เป๋าตัง บนมือถือเครื่องที่ลงทะเบียนใช้สิทธิ์ ทัวร์เที่ยวไทย เท่านั้น หากผู้เดินทางไม่ได้สแกนยืนยันสิทธิ์กับเจ้าหน้าที่ขอสงวนสิทธิ์ยกเลิก การเดินทางทันที และไม่สามารถรับเงินคืนได้ทุกกรณี</p><p>- นำ้หนักสัมภาระ ได้ท่านละ 20 กิโลกรัม สงวนสิทธิ์การเลือกที่นั่งตามนโยบายของสายการบิน (อาหารว่างบนเครื่องเป็นรูปแบบการนำกลับไปทาน จะได้รับหลังเครื่องบินถึงจุดหมายปลายทาง)</p><h2><span style=\"color: rgb(33, 37, 41);\">&nbsp;</span>07.10 บริษัทไทยสมายล์แอร์เวย์ จำกัด</h2><p>ออกเดินทางสู่สนามบินปลายทาง อุดรธานี เที่ยวบิน WE2 โดยสายการบิน ThaiSmile ระยะเวลาการเดินทางประมาณ 1 ชั่วโมง</p><h2><strong style=\"color: rgb(33, 37, 41);\">&nbsp;</strong><strong>08.15 นิติธรรม ธานี รถตู้ VIP</strong></h2><p>ถึงสนามบินอุดรธานี หัวหน้าทัวร์และไกด์ จากบริษัทฯ คอยช่วยเหลือดำเนินการเตรียมเอกสาร เข้าจังหวัดอุดรธานี</p><p>- นำทุกท่านเดินทางท่องเที่ยวตามโปรแกรมทัวร์ โดยใช้รถนั่งปรับอากาศประเภท รถตู้ VIP 10 ที่นั่ง ( แถวละ 3 ที่นั่ง) กำหนดให้นั่งคันละ 6 ท่าน แถวละ 2 ท่านแบบเว้นระยะห่าง โปรดสวมหน้ากากอนามัยตลอดระยะเวลาการเดินทาง และ งดรับประทานอาหาร ของว่าง และเครื่องดื่มในระหว่างการเดินทาง จากนั้น นำทุกท่านเดินทางสู่ สถานที่ท่องเที่ยว สถานที่แรก ทะเลบัวแดงบานหนองหาน จังหวัดอุดรธานี&nbsp;ถือได้ว่าเป็นสถานที่ Unseen Thailand ของจังหวัดอุดรธานี โดยเฉพาะ ช่วงเดือน พย-มค ของทุกปี ในช่วงเช้าดอกบัวสีชมพู จะบานเต็มหนองหาน ใช้เวลาเดินทางจากสนามบินประมาณ 30 นาที</p><h2><span style=\"color: rgb(33, 37, 41);\">&nbsp;</span><strong>10.00 บริษัท ซอฟต์แวร์ ไฟล จำกัด</strong></h2><p>“ทะเลบัวแดง”</p><p>เป็นสวรรค์อีกหนึ่งแห่งของบรรดานักถ่ายภาพ พื้นที่ชุ่มน้ำบึงหนองหาน แห่งนี้ตั้งอยู่ในอำเภอกุมภวาปี จังหวัดอุดรธานี เป็นบึงน้ำจืดที่นอกจากจะมีทะเลดอกบัวแดงแล้ว</p><p><br></p><p>- ยังอุดมไปด้วยพืชน้ำ พันธ์ุนกและสัตว์น้ำ นานาๆพันธ์ุ คณะทัวร์ พาทุกท่านขึ้นเรือ ทุกท่านโปรดสวมร่มชูชีพ โดยใช้เรือบริการขนาดใหญ่ นั่งได้ 6-10 คน ต่อลำ ใช้ระยะเวลาล่องเรือ ประมาณ 1 ชั่วโมง ทะเลบัวแดง แห่งหนองหาน อ.กุมภวาปี บึงน้ำจืดขนาดใหญ่เนื้อที่กว่า 22,500 ไร่ ซึ่งทุก ๆ ปี ในช่วงฤดูหนาวราวเดือน ธ.ค.-ก.พ. ดอก</p><p><br></p><p>-“บัวสาย” หรือ “บัวแดง” ไม้น้ำประจำถิ่นของที่นี่ จะพร้อมใจกันผลิดอกเบ่งบานเป็นสีชมพูสะพรั่งเต็มผืนน้ำ จนกลายเป็นที่รู้จักกันในชื่อ “ทะเลบัวแดง”</p><h2><strong style=\"color: rgb(33, 37, 41);\">&nbsp;</strong><strong>12.00 ร้านแม่หยา อุดร&nbsp;</strong><strong style=\"color: rgb(52, 58, 64);\">หรือเทียบเท่า ( โรงแรม Bellegrand )</strong></h2><p>\"ร้านแม่หยา\" ร้านอาหารในตำนานแห่งเมืองอุดร มีหลากหลายเมนูให้เลือก สไตล์กุ๊กช็อป</p><p>*ในกรณีที่ร้านไม่สามารถร่วมรายการ กับทาง ทัวร์เที่ยวไทย ได้ ขอเปลี่ยนร้านเป็นร้านอาหารจากโรงแรม เบลล์ แกรนด์ อุดรธานี แทน *</p><h2><strong style=\"color: rgb(33, 37, 41);\">&nbsp;</strong><strong>14.00 บริษัท ซอฟต์แวร์ ไฟล จำกัด</strong></h2><p>เที่ยว “คำชะโนด” หรือ “วังนาคินทร์” แห่ง “วัดศิริสุทโธ” ต.วังทอง อ.บ้านดุง จ.อุดรธานี</p><p><br></p><p>มีลักษณะเป็นเกาะน้ำจืด ที่เต็มไปด้วย “ต้นชะโนด” ซึ่งเชื่อกันว่าสถานที่แห่งนี้เป็นทางเชื่อมระหว่างโลกมนุษย์กับเมืองบาดาลของพญานาค</p><p><br></p><p>บนเกาะคำชะโนดมีไฮไลท์สำคัญ คือ “ศาลของเจ้าปู่ศรีสุทโธและเจ้าย่าศรีปทุมมา” (พ่อปู่ศรีสุทโธและแม่ย่าศรีปทุมมา) สิ่งศักดิ์สิทธิ์สูงสุดของที่นี่ ซึ่ง แต่ละวันจะมีคนเดินทางมากราบไหว้เจ้าปู่และเจ้าย่ากันเป็นจำนวนมาก</p><p><br></p><p>นอกจากนี้ก็ยังมี “ต้นมะเดื่อยักษ์” อายุนับ 100 ปี ที่เชื่อกันว่าเป็นขุมทรัพย์ของเจ้าปู่-เจ้าย่า และ “บ่อน้ำศักดิ์สิทธิ์” หรือ “บ่อคำชะโนด” ที่เชื่อกันว่าเป็นทางเข้า-ออก ระหว่างเมืองบาดาลกับโลกมนุษย์ของเหล่าพญานาค</p><h2><strong style=\"color: rgb(33, 37, 41);\">&nbsp;</strong><strong>17.00 โรงแรม เบลล์ แกรนด์ อุดรธานี</strong></h2><p>ถึงที่พัก โรงแรม เบลล์ แกรนด์ อุดรธานี</p><h2><strong style=\"color: rgb(33, 37, 41);\">&nbsp;</strong><strong>18.00 โรงแรม เบลล์ แกรนด์ อุดรธานี</strong></h2><p>รับประทานอาหารค่ำ ณ โรงแรมที่พัก</p>', '<h2><strong>07.00 โรงแรม เบลล์ แกรนด์ อุดรธานี</strong></h2><p>รับประทานอาหารเช้า</p><h2><strong>08.30 นิติธรรม ธานี รถตู้ VIP</strong></h2><p>ออกเดินทางสู่ อ.เมืองเลย ใช้ระยะเวลา ประมาณ 3 ชั่วโมง</p><h2><strong>11.30 ร้านอาหาร ดีเลย</strong></h2><p>รับประทานอาหารกลางวัน ณ ร้านอาหาร ดีเลย</p><h2><strong>14.00 บริษัท ซอฟต์แวร์ ไฟล จำกัด</strong></h2><p>ช่วงบ่าย ถือเป็นไฮไลท์สำคัญของการเที่ยววันนี้ คือการขึ้นยอดดอยภูเรือ ระยะทางจากร้านอาหารเดินทางสู่ อ.ภูเรือประมาณ 1 ชั่วโมง เพื่อขึ้นสู่ยอดดอยภูเรือ ซึ่งอยู่ใน อุทยานแห่งชาติภูเรือ เปลี่ยนรถโดยใช้รถสำหรับขึ้นยอดภู</p><p>*** ใช้เวลาในการถ่ายรูปประมาณ 1 ชั่วโมง</p><p>เดินทางต่อสู่เชียงคาน ใช้ระยะเวลา 2 ชั่วโมง</p><h2><strong>17.00 เชียงคาน ริเวอร์ เมาท์เทน รีสอร์ท&nbsp;</strong><strong style=\"color: rgb(52, 58, 64);\">หรือเทียบเท่า ( ริเวอร์ทรีรีสอร์ท เชียงคาน )</strong></h2><p>เข้าสู่โรงแรมที่ดีระดับ 4ดาวในตัวเมืองเชียงคาน</p><h2><strong>18.00 Smile @Chiang Khan</strong></h2><p>รับประทานอาหารค่ำ ณ ร้าน</p><h2><strong>19.00 บริษัท ซอฟต์แวร์ ไฟล จำกัด</strong></h2><p>จากนั้นทุกท่านสามารถเดินชม ถนนคนเดินเมืองเชียงคาน</p>', '<p><br></p>', '<p><br></p>', '<h2><strong>เงื่อนไขรายการนำเที่ยว</strong></h2><p>จำนวนผู้เดินทางขั้นต่ำ 12 ท่าน ไม่เกิน 18 ท่าน ใช้รถตู้VIPนั่ง คันละ 6 ท่าน/คัน</p><p>1. ผู้ร่วมเดินทางควรได้รับการฉีดวัคซีนป้องกันโควิด2019 ครบ 2 เข็มก่อนวันเดินทางตามโปรแกรม</p><p>2.บริษัทขอสงวนสิทธิ์ยกเลิก หรือเลื่อนการเดินทาง ในกรณีที่ผู้เดินทางไม่ครบตามจำนวนที่กำหนด</p><p>3.ขอเลื่อนการเดินทาง ไม่สามารถทำได้</p><p>4.การยกเลิกการเดินทาง</p><p>4.1 ขอยกเลิกก่อนการเดินทางมากกว่า 30 วัน คืนเงินค่าทัวร์ที่จ่ายไปแล้ว 100% หัก ค่าใช้จ่ายที่จ่ายจริงของบริษัททัวร์(ถ้ามี)</p><p>4.2 ขอยกเลิกก่อนเดินทาง 15-29 วัน คืนเงินค่าทัวร์ที่จ่ายไปแล้ว 50% หัก ค่าใช้จ่ายจริงของบริษัททัวร์(ถ้ามี)</p><p>ขอยกเลิกก่อนการเดินทาง 0-14 วัน ไม่ได้เงินคืน</p><p>4.3 กรณีมีเหตุยกเลิกทัวร์ โดยไม่ใช่ความผิดบริษัททัวร์ คืนเงินค่าทัวร์ ที่จ่ายไปแล้ว 100% หัก ค่าใช้จ่ายที่จ่ายจริงของบริษัททัวร์(ถ้ามี)</p><p>***ค่าใช้จ่ายจริงของบริษัททัวร์ ได้แก่ ค่าธรรมเนียมการสำรองที่นั่งตั๋วเครื่องบิน / รถไฟ / รถที่ใช้เดินทาง , ค่าใช้จ่ายที่จำเป็นอื่นๆ โดยทาง บริษัทฯ จะแสดงหลักฐานให้แก่นักท่องเที่ยวให้ทราบ</p><p>5. เงื่อนไขส่วนลด 40% สำหรับลูกค้าที่เข้าร่วมโครงการทัวร์เที่ยวไทยเท่านั้นและรับชำระด้วยแอฟพลิเคชั่น เป๋าตัง เท่านั้น</p><p>6. สำหรับผู้เข้าร่วมโครงการทัวร์เที่ยวไทย ผู้เดินทางต้องเตรียมหลักฐานการจองผ่านโครงการทัวร์เที่ยวไทย เพื่อให้เจ้าหน้าที่ตรวจสอบและสแกนยืนยันสิทธิ์ในวันเดินทาง โดยใช้แอพ เป๋าตัง บนมือถือเครื่องที่ลงทะเบียนใช้สิทธิ์ ทัวร์เที่ยวไทย เท่านั้น หากผู้เดินทางไม่ได้สแกนยืนยันสิทธิ์กับเจ้าหน้าที่ขอสงวนสิทธิ์ยกเลิก การเดินทางทันที และไม่สามารถรับเงินคืนได้ทุกกรณี</p><p>7. ไม่สามารถเลื่อนหรือเปลี่ยนแปลงวันเดินทางได้</p><p>8. ไม่สามารถคืนเงินบางส่วนกรณีที่ไม่ได้ร่วมทริปในบางวัน</p><p>9. โปรแกรมทัวร์อาจมีการสลับดำดับการเที่ยวเพื่อความเหมาะสม</p><p>10. บริษัทฯ ขอสงวนสิทธิ์ในการเปลี่ยนแปลงรายการการท่องเที่ยวที่เกิดเหตุจำเป็นสุดวิสัย อาทิ การยกเลิกเที่ยวบิน, การล่าช้าของสายการบิน, การล่าช้าของรถไฟ,การนัดหยุดงาน ,ภัยธรรมชาติ, การก่อจลาจล, อุบัติเหตุ ฯลฯ ทั้งนี้จะคำนึงถึงผลประโยชน์ และจะรักษาผลประโยชน์ของท่านไว้ให้ได้มากที่สุด</p>', '<p><br></p>', '<h2><strong>หมายเหตุ</strong></h2><p>*** ในกรณีที่แหล่งท่องเที่ยวปิด ตามมาตรการ COVID ทางบริษัทฯ ขอเปลี่ยนแหล่งท่องเที่ยวอื่น ที่อยู่นอกโปรแกรม***</p>', '', '2021-08-30'),
(7, 2021000002, 2, 'a5 Test', 'a ', 'a', '1', '1.5', 'a@a.com', 'โกโก้2.jpg-16302603828098551.jpg', '', '', '', 'a', 'a', 'a', 'a', '', '', '', '', '', '', '', '', '2021-08-30'),
(8, 2021000002, 2, 'Tour Name2', 'Address', 'Contact', '2', '3', 'a@a.com', 'โกโก้1.1.png-16302605368779664.png', '', '', '', 'Destination MP1', 'Detail MP1', '', '', '<p>&lt;p&gt;Highlight&lt;/p&gt;</p>', '<p>&lt;p&gt;Content&lt;/p&gt;</p>', '<p>&lt;p&gt;Includes&lt;/p&gt;</p>', '<p>&lt;p&gt;Excludes&lt;/p&gt;</p>', '<p>&lt;p&gt;You Need To Know&lt;/p&gt;</p>', '<p>&lt;p&gt;How To Travel&lt;/p&gt;</p>', '<p>&lt;p&gt;Cancellation Policy&lt;/p&gt;</p>', '', '2021-08-30'),
(9, 2021000002, 2, 'a6 Test', 'a', 'a', '2', '3', 'a@a.com', 'Softblush Beauty.png-16302607059186601.png', '', '', '', 'des MP1', 'de MP1', 'des MP2', 'de MP2', '<p>a</p>', '<p>a</p>', '<p>a</p>', '<p>a</p>', '<p>a</p>', '<p>a</p>', '<p>a</p>', '', '2021-08-30'),
(11, 2021000002, 2, 'a7 Test', 'a', 'a', '2', '3', 'a@a.com', 'Softblush Beauty.png-16302609460622097.png', '', '', '', 'des MP1', 'de MP1', 'des MP2', 'de MP2', '<p>&lt;p&gt;a&lt;/p&gt;</p>', '<p>&lt;p&gt;a&lt;/p&gt;</p>', '<p>&lt;p&gt;a&lt;/p&gt;</p>', '<p>&lt;p&gt;a&lt;/p&gt;</p>', '<p>&lt;p&gt;a&lt;/p&gt;</p>', '<p>&lt;p&gt;a&lt;/p&gt;</p>', '<p>&lt;p&gt;a&lt;/p&gt;</p>', '', '2021-08-30'),
(12, 2021000002, 2, 'a8 Test', 'a', 'a', '2', '3', 'a@a.com', 'Softblush Beauty.png-16302610142153881.png', '', '', '', 'a', 'a', 'a', 'a', '<p>&lt;p&gt;a&lt;/p&gt;</p>', '<p>&lt;p&gt;a&lt;/p&gt;</p>', '<p>&lt;p&gt;a&lt;/p&gt;</p>', '<p>&lt;p&gt;a&lt;/p&gt;</p>', '<p>&lt;p&gt;a&lt;/p&gt;</p>', '<p>&lt;p&gt;a&lt;/p&gt;</p>', '<p>&lt;p&gt;a&lt;/p&gt;</p>', '', '2021-08-30'),
(14, 2021000002, 2, 'a9 Test', 'a', 'a', '5', '5', 'a@a.com', 'CocoaTimePlus.png-16310175162501539.png', '', '', '', '', '', '', '', '', '', '', '', '', '', '', '', '2021-09-07');

-- --------------------------------------------------------

--
-- Table structure for table `tb_files_register`
--

CREATE TABLE `tb_files_register` (
  `id_files` int(11) NOT NULL,
  `id_account` int(10) UNSIGNED NOT NULL,
  `file_name` varchar(70) NOT NULL,
  `mimetype` varchar(80) NOT NULL
) ENGINE=InnoDB DEFAULT CHARSET=utf8;

--
-- Dumping data for table `tb_files_register`
--

INSERT INTO `tb_files_register` (`id_files`, `id_account`, `file_name`, `mimetype`) VALUES
(4, 2021000004, 'เอกสารรับรองส่งตัวฝึกงานสหกิจ-2564.docx16298267029659735.docx', 'application/vnd.openxmlformats-officedocument.wordprocessingml.document'),
(5, 2021000004, '999.doc', 'application/msword'),
(6, 2021000010, 'เอกสารฝึกงานสหกิจ-2564.docx16298267590047093.docx', 'application/vnd.openxmlformats-officedocument.wordprocessingml.document'),
(7, 2021000011, 'นางสาวอัญธิดา-ผุดผ่อง-61243549.pdf16298268448075786.pdf', 'application/pdf'),
(8, 2021000012, 'Co-op 01.doc16298269225552903.doc', 'application/msword'),
(9, 2021000013, 'บทที่-2.docx16298270175211886.docx', 'application/vnd.openxmlformats-officedocument.wordprocessingml.document'),
(10, 2021000014, 'บทที่-2.docx16298271435791776.docx', 'application/vnd.openxmlformats-officedocument.wordprocessingml.document');

-- --------------------------------------------------------

--
-- Table structure for table `tb_img_data_tour`
--

CREATE TABLE `tb_img_data_tour` (
  `id_img_data_tour` int(11) NOT NULL,
  `id_data_tour` int(11) NOT NULL,
  `name_img_data_tour` varchar(100) NOT NULL,
  `title_img_data_tour` varchar(100) NOT NULL,
  `alt_img_data_tour` varchar(100) NOT NULL,
  `description_img_data_tour` varchar(100) NOT NULL
) ENGINE=InnoDB DEFAULT CHARSET=utf8;

--
-- Dumping data for table `tb_img_data_tour`
--

INSERT INTO `tb_img_data_tour` (`id_img_data_tour`, `id_data_tour`, `name_img_data_tour`, `title_img_data_tour`, `alt_img_data_tour`, `description_img_data_tour`) VALUES
(1, 5, 'โกโก้4.jpg-16302601421918486.jpg', '', '', ''),
(10, 11, 'โกโก้1.1.png-16302609460198211.png', '', '', ''),
(15, 14, 'Yes, Were Open!.png-1631017516182344.png', '', '', ''),
(16, 14, 'โกโก้4.jpg-16310175162126771.jpg', '', '', ''),
(17, 14, 'โกโก้3.jpg-16310175162191172.jpg', '', '', ''),
(18, 14, 'CocoaTimePlus.png-16310175162252766.png', '', '', ''),
(19, 14, 'Softblush Beauty.png-16310175162394908.png', '', '', ''),
(28, 9, 'Cocoa Plus 2.png-16310433830423405.png', '', '', ''),
(29, 9, 'Yes, Were Open!.png-16310433830697143.png', '', '', ''),
(30, 9, 'โกโก้4.jpg-16310433830859843.jpg', '', '', ''),
(31, 9, 'โกโก้3.jpg-16310433830898133.jpg', '', '', ''),
(32, 9, 'Cocoa Plus 2.png-16310434764024459.png', '', '', ''),
(33, 9, 'Yes, Were Open!.png-16310434764273967.png', '', '', ''),
(34, 9, 'โกโก้4.jpg-16310434764515954.jpg', '', '', ''),
(35, 9, 'โกโก้3.jpg-16310434764551080.jpg', '', '', ''),
(36, 9, 'CocoaTimePlus.png-16310434764582356.png', '', '', ''),
(37, 9, 'CocoaTimePlus.png-16310435311719728.png', '', '', ''),
(38, 9, 'Softblush Beauty.png-16310435311961376.png', '', '', ''),
(39, 9, 'โกโก้2.jpg-16310435312055914.jpg', '', '', ''),
(40, 9, 'โกโก้1.1.png-1631043531209205.png', '', '', ''),
(41, 9, 'coffee 18 in 1.png-16310435486918728.png', '', '', ''),
(42, 9, 'Cocoa Plus 2.png-16310435486969447.png', '', '', ''),
(43, 9, 'Yes, Were Open!.png-16310435487097504.png', '', '', ''),
(44, 1, 'coffee 18 in 1.png-16312738178326512.png', 'Title1', 'Alt1', 'Description1'),
(45, 1, 'Yes, Were Open!.png-16312737614432751.png', '', '', ''),
(46, 1, 'โกโก้4.jpg-16312737614654943.jpg', '', '', ''),
(47, 1, 'โกโก้3.jpg-16312737614707472.jpg', '', '', ''),
(48, 1, 'CocoaTimePlus.png-16312737614773165.png', '', '', ''),
(49, 1, 'Cocoa Plus 2.png-16312738330484828.png', '', '', ''),
(50, 1, 'Yes, Were Open!.png-16312738330629669.png', '', '', ''),
(51, 1, 'โกโก้4.jpg-16312738330825479.jpg', '', '', ''),
(52, 1, 'โกโก้3.jpg-16312738330856874.jpg', '', '', ''),
(53, 1, 'CocoaTimePlus.png-16312738330888013.png', '', '', ''),
(66, 3, 'photo_3.jpg-16352738626943857.jpg', 'พระใหญ่ภูคกงิ้ว', 'พระใหญ่ภูคกงิ้ว แห่งปากแม่น้ำเหือง', 'พระใหญ่ภูคกงิ้ว แห่งปากแม่น้ำเหือง'),
(67, 3, 'photo_2.jpg-16352738626968183.jpg', '', '', ''),
(68, 3, 'photo_1.jpg-16352738626971657.jpg', '', '', ''),
(69, 6, 'photo_3.jpg-1635274475795398.jpg', '', '', ''),
(70, 6, 'photo_2.jpg-16352744757983870.jpg', '', '', ''),
(71, 6, 'photo_1.jpg-16352744757991261.jpg', '', '', '');

-- --------------------------------------------------------

--
-- Table structure for table `tb_img_data_tours_meeting_p_1`
--

CREATE TABLE `tb_img_data_tours_meeting_p_1` (
  `id_img_data_tour_meeting_p_1` int(11) NOT NULL,
  `id_data_tour` int(11) NOT NULL,
  `name_img_data_tour_meeting_p_1` varchar(100) NOT NULL,
  `title_img_data_tour_meeting_p_1` varchar(100) NOT NULL,
  `alt_img_data_tour_meeting_p_1` varchar(100) NOT NULL,
  `description_img_data_tour_meeting_p_1` varchar(100) NOT NULL
) ENGINE=InnoDB DEFAULT CHARSET=utf8;

--
-- Dumping data for table `tb_img_data_tours_meeting_p_1`
--

INSERT INTO `tb_img_data_tours_meeting_p_1` (`id_img_data_tour_meeting_p_1`, `id_data_tour`, `name_img_data_tour_meeting_p_1`, `title_img_data_tour_meeting_p_1`, `alt_img_data_tour_meeting_p_1`, `description_img_data_tour_meeting_p_1`) VALUES
(1, 7, 'Softblush Beauty.png-16302603827625636.png', '', '', ''),
(2, 7, 'โกโก้2.jpg-16302603827764893.jpg', '', '', ''),
(3, 7, 'โกโก้1.1.png-16302603827843163.png', '', '', ''),
(4, 8, 'CocoaTimePlus.png-16302605367593483.png', '', '', ''),
(6, 8, 'โกโก้2.jpg-16302605368181136.jpg', '', '', ''),
(13, 11, 'Softblush Beauty.png-16302609460242545.png', '', '', ''),
(14, 11, 'โกโก้2.jpg-16302609460425007.jpg', '', '', ''),
(15, 11, 'โกโก้1.1.png-16302609460475291.png', '', '', ''),
(27, 9, 'Cocoa Plus 2.png-16310434764743256.png', '', '', ''),
(28, 9, 'Yes, Were Open!.png-16310434764894776.png', '', '', ''),
(29, 9, 'โกโก้4.jpg-16310434765076096.jpg', '', '', ''),
(30, 9, 'โกโก้3.jpg-16310434765113834.jpg', '', '', ''),
(31, 9, 'CocoaTimePlus.png-16310434765139309.png', '', '', ''),
(32, 9, 'Softblush Beauty.png-16310434765285131.png', '', '', ''),
(33, 1, 'Cocoa Plus 2.png-16312738330951664.png', '', '', ''),
(34, 1, 'Yes, Were Open!.png-16312738331062124.png', '', '', ''),
(35, 1, 'โกโก้4.jpg-16312738331183431.jpg', '', '', ''),
(36, 1, 'โกโก้3.jpg-16312738331213288.jpg', '', '', ''),
(43, 3, 'M1_2.png-16352739697181013.png', '', '', ''),
(44, 3, 'M1_1.jpg-16352739697228413.jpg', '', '', ''),
(45, 6, 'M1_2.png-16352744758014807.png', '', '', ''),
(46, 6, 'M1_1.jpg-16352744758044197.jpg', '', '', '');

-- --------------------------------------------------------

--
-- Table structure for table `tb_img_data_tours_meeting_p_2`
--

CREATE TABLE `tb_img_data_tours_meeting_p_2` (
  `id_img_data_tour_meeting_p_2` int(11) NOT NULL,
  `id_data_tour` int(11) NOT NULL,
  `name_img_data_tour_meeting_p_2` varchar(100) NOT NULL,
  `title_img_data_tour_meeting_p_2` varchar(100) NOT NULL,
  `alt_img_data_tour_meeting_p_2` varchar(100) NOT NULL,
  `description_img_data_tour_meeting_p_2` varchar(100) NOT NULL
) ENGINE=InnoDB DEFAULT CHARSET=utf8;

--
-- Dumping data for table `tb_img_data_tours_meeting_p_2`
--

INSERT INTO `tb_img_data_tours_meeting_p_2` (`id_img_data_tour_meeting_p_2`, `id_data_tour`, `name_img_data_tour_meeting_p_2`, `title_img_data_tour_meeting_p_2`, `alt_img_data_tour_meeting_p_2`, `description_img_data_tour_meeting_p_2`) VALUES
(6, 11, 'โกโก้2.jpg-16302609460505091.jpg', '', '', ''),
(17, 9, 'Cocoa Plus 2.png-16310434765434637.png', '', '', ''),
(18, 9, 'Yes, Were Open!.png-16310434765598728.png', '', '', ''),
(19, 9, 'โกโก้4.jpg-16310434765784296.jpg', '', '', ''),
(20, 9, 'โกโก้3.jpg-16310434765846116.jpg', '', '', ''),
(21, 9, 'CocoaTimePlus.png-16310434765888746.png', '', '', ''),
(22, 9, 'Softblush Beauty.png-16310434766015262.png', '', '', ''),
(23, 9, 'โกโก้2.jpg-1631043476614799.jpg', '', '', ''),
(24, 1, 'โกโก้4.jpg-1631273833123233.jpg', '', '', ''),
(25, 1, 'โกโก้3.jpg-16312738331264412.jpg', '', '', ''),
(26, 1, 'CocoaTimePlus.png-16312738331306816.png', '', '', ''),
(27, 1, 'Softblush Beauty.png-16312738331414192.png', '', '', ''),
(28, 1, 'โกโก้2.jpg-16312738331482859.jpg', '', '', ''),
(38, 3, 'M2_2.jpg-16352740244499596.jpg', 'Smile @Chiang Khan', 'Smile @Chiang Khan', 'Smile @Chiang Khan'),
(39, 3, 'M2_1.jpg-16352740244505266.jpg', '', '', ''),
(40, 6, 'M2_2.jpg-16352744758053916.jpg', '', '', ''),
(41, 6, 'M2_1.jpg-16352744758066085.jpg', '', '', '');

-- --------------------------------------------------------

--
-- Table structure for table `tb_members`
--

CREATE TABLE `tb_members` (
  `id_member` int(11) NOT NULL,
  `id_status_member` int(11) NOT NULL,
  `id_status_member_on` int(1) DEFAULT NULL,
  `id_account` int(10) UNSIGNED NOT NULL,
  `email_member` varchar(50) NOT NULL,
  `password` varchar(50) NOT NULL,
  `fname` varchar(50) NOT NULL,
  `lname` varchar(50) NOT NULL,
  `company` varchar(100) NOT NULL,
  `address` text NOT NULL,
  `country` varchar(100) NOT NULL,
  `mobile_number` varchar(15) NOT NULL,
  `last_login` varchar(10) NOT NULL
) ENGINE=InnoDB DEFAULT CHARSET=utf8;

--
-- Dumping data for table `tb_members`
--

INSERT INTO `tb_members` (`id_member`, `id_status_member`, `id_status_member_on`, `id_account`, `email_member`, `password`, `fname`, `lname`, `company`, `address`, `country`, `mobile_number`, `last_login`) VALUES
(1, 1729384732, 1, 2021000001, 'admin@admin.com', 'admin', '1', '1', '1', '1', '1', '1', '2021-10-27'),
(2, 1, 1, 2021000002, 'user@user.com', 'user', '2', '2', '2', '2', '2', '2', '2021-10-27'),
(3, 1, 1, 2021000003, 'a@a.com', 'aaaaaaaa', 'a', 'a', 'a', 'a', 'a', 'a', ''),
(9, 1, 1, 2021000004, 't@t.com', 'tttttttt', 't', 't', 't', 't', 't', 't', ''),
(10, 1, 2, 2021000010, 'a@a.com', 'aaaaaaaa', 'a', 'a', 'a', 'a', 'a', 'a', ''),
(11, 1, 2, 2021000011, 'a@a.com', 'aaaaaaaa', 'a', 'a', 'a', 'a', 'a', 'a', ''),
(12, 1, 2, 2021000012, 'a@a.com', 'aaaaaaaa', 'a', 'a', 'a', 'a', 'a', 'a', ''),
(13, 1, 2, 2021000013, 'a@a.com', 'aaaaaaaa', 'a', 'a', 'a', 'a', 'a', 'a', ''),
(14, 1, 2, 2021000014, 'a@a.com', 'aaaaaaaa', 'a', 'a', 'a', 'a', 'a', 'a', '');

-- --------------------------------------------------------

--
-- Table structure for table `tb_package_tours`
--

CREATE TABLE `tb_package_tours` (
  `id_package_tour` int(11) NOT NULL,
  `id_data_tour` int(11) NOT NULL,
  `id_account` int(10) UNSIGNED NOT NULL,
  `id_status_stop_sell` tinyint(2) NOT NULL,
  `id_status_approve` tinyint(2) NOT NULL,
  `tour_name_package` varchar(255) NOT NULL,
  `package_name` varchar(255) NOT NULL,
  `date_start` varchar(15) NOT NULL,
  `date_end` varchar(15) NOT NULL,
  `minimum_person` int(5) NOT NULL,
  `number_of_ticket` int(10) NOT NULL,
  `cut_off` int(10) NOT NULL,
  `2_3_person_per_room_adult` int(10) NOT NULL,
  `2_3_person_per_room_child` int(10) NOT NULL,
  `1_person_per_room_adult` int(10) NOT NULL,
  `1_person_per_room_child` int(10) NOT NULL,
  `package_detail` text NOT NULL,
  `last_insert_package` varchar(10) NOT NULL
) ENGINE=InnoDB DEFAULT CHARSET=utf8;

--
-- Dumping data for table `tb_package_tours`
--

INSERT INTO `tb_package_tours` (`id_package_tour`, `id_data_tour`, `id_account`, `id_status_stop_sell`, `id_status_approve`, `tour_name_package`, `package_name`, `date_start`, `date_end`, `minimum_person`, `number_of_ticket`, `cut_off`, `2_3_person_per_room_adult`, `2_3_person_per_room_child`, `1_person_per_room_adult`, `1_person_per_room_child`, `package_detail`, `last_insert_package`) VALUES
(1, 3, 2021000002, 2, 1, 'a', 'package name 122', '', '', 0, 0, 0, 0, 0, 0, 0, '<p>details 122</p>', '2021-09-15'),
(2, 6, 2021000002, 2, 1, 'Tour Name', '1', '2021-09-17', '2021-09-22', 1, 1, 1, 1, 1, 1, 1, '<p>23</p>', '2021-09-11'),
(3, 3, 2021000002, 2, 0, 'a', '1', '0000-00-00', '0000-00-00', 0, 0, 0, 0, 0, 0, 0, '<p>1</p>', '2021-09-11'),
(4, 8, 2021000002, 2, 1, 'Tour Name', 'a', '2021-09-11', '2021-09-29', 2, 2, 2, 2, 2, 2, 2, '<p>234</p>', '2021-09-11'),
(5, 3, 2021000002, 2, 0, 'a', '2', '0000-00-00', '0000-00-00', 0, 0, 0, 0, 0, 0, 0, '<p>23</p>', '2021-09-11'),
(6, 3, 2021000002, 2, 0, 'a', '4', '0000-00-00', '0000-00-00', 0, 0, 0, 0, 0, 0, 0, '<p>34</p>', '2021-09-11'),
(7, 3, 2021000002, 2, 0, 'a', '2', '0000-00-00', '0000-00-00', 0, 0, 0, 0, 0, 0, 0, '<p>5</p>', '2021-09-11'),
(8, 3, 2021000002, 2, 0, 'a', '4', '0000-00-00', '0000-00-00', 0, 0, 0, 0, 0, 0, 0, '<p>2</p>', '2021-09-11'),
(12, 6, 2021000002, 1, 1, 'Tour Name', '3 วัน 2 คืน', '2021-10-14', '2021-10-16', 5, 500, 2, 50, 50, 50, 50, '<p>detail</p>', '2021-010-0'),
(13, 6, 2021000002, 1, 1, 'Tour Name', '3 วัน 2 คืน (2)', '2021-10-20', '2021-10-22', 5, 55, 1, 250, 200, 250, 200, '<p>detail</p>', '2021-010-0');

-- --------------------------------------------------------

--
-- Table structure for table `tb_status_approve`
--

CREATE TABLE `tb_status_approve` (
  `id_status_approve` tinyint(2) NOT NULL,
  `status_approve_name` varchar(10) NOT NULL
) ENGINE=InnoDB DEFAULT CHARSET=utf8;

--
-- Dumping data for table `tb_status_approve`
--

INSERT INTO `tb_status_approve` (`id_status_approve`, `status_approve_name`) VALUES
(1, 'Approved'),
(2, 'Wait');

-- --------------------------------------------------------

--
-- Table structure for table `tb_status_member_on`
--

CREATE TABLE `tb_status_member_on` (
  `id_status_member_on` int(1) NOT NULL,
  `status_name` varchar(11) NOT NULL
) ENGINE=InnoDB DEFAULT CHARSET=utf8;

--
-- Dumping data for table `tb_status_member_on`
--

INSERT INTO `tb_status_member_on` (`id_status_member_on`, `status_name`) VALUES
(1, 'Approved'),
(2, 'Wait');

-- --------------------------------------------------------

--
-- Table structure for table `tb_status_stop_sell`
--

CREATE TABLE `tb_status_stop_sell` (
  `id_status_stop_sell` tinyint(2) NOT NULL,
  `name_status_stop_sell` varchar(5) NOT NULL
) ENGINE=InnoDB DEFAULT CHARSET=utf8;

--
-- Dumping data for table `tb_status_stop_sell`
--

INSERT INTO `tb_status_stop_sell` (`id_status_stop_sell`, `name_status_stop_sell`) VALUES
(1, 'Yes'),
(2, 'No');

--
-- Indexes for dumped tables
--

--
-- Indexes for table `tb_calendar_package`
--
ALTER TABLE `tb_calendar_package`
  ADD PRIMARY KEY (`id_calendar_package`),
  ADD KEY `id_package_tour` (`id_package_tour`),
  ADD KEY `id_account` (`id_account`),
  ADD KEY `id_stop_sell` (`id_stop_sell`);

--
-- Indexes for table `tb_data_tours`
--
ALTER TABLE `tb_data_tours`
  ADD PRIMARY KEY (`id_data_tour`),
  ADD KEY `id_tour` (`id_data_tour`),
  ADD KEY `id_account` (`id_account`),
  ADD KEY `id_status_approve` (`id_status_approve`);

--
-- Indexes for table `tb_files_register`
--
ALTER TABLE `tb_files_register`
  ADD PRIMARY KEY (`id_files`),
  ADD KEY `id_account` (`id_account`);

--
-- Indexes for table `tb_img_data_tour`
--
ALTER TABLE `tb_img_data_tour`
  ADD PRIMARY KEY (`id_img_data_tour`),
  ADD KEY `id_data_tour_FK` (`id_data_tour`);

--
-- Indexes for table `tb_img_data_tours_meeting_p_1`
--
ALTER TABLE `tb_img_data_tours_meeting_p_1`
  ADD PRIMARY KEY (`id_img_data_tour_meeting_p_1`),
  ADD KEY `id_data_tour` (`id_data_tour`);

--
-- Indexes for table `tb_img_data_tours_meeting_p_2`
--
ALTER TABLE `tb_img_data_tours_meeting_p_2`
  ADD PRIMARY KEY (`id_img_data_tour_meeting_p_2`),
  ADD KEY `id_data_tour_meeting_p_2_FK` (`id_data_tour`);

--
-- Indexes for table `tb_members`
--
ALTER TABLE `tb_members`
  ADD PRIMARY KEY (`id_member`),
  ADD KEY `id_status_member_on_FK` (`id_status_member_on`),
  ADD KEY `id_account` (`id_account`);

--
-- Indexes for table `tb_package_tours`
--
ALTER TABLE `tb_package_tours`
  ADD PRIMARY KEY (`id_package_tour`),
  ADD KEY `id_data_tour` (`id_data_tour`),
  ADD KEY `id_account` (`id_account`),
  ADD KEY `tour_name_package` (`tour_name_package`),
  ADD KEY `id_status_stop_sell` (`id_status_stop_sell`),
  ADD KEY `id_status_approve` (`id_status_approve`);

--
-- Indexes for table `tb_status_approve`
--
ALTER TABLE `tb_status_approve`
  ADD PRIMARY KEY (`id_status_approve`);

--
-- Indexes for table `tb_status_member_on`
--
ALTER TABLE `tb_status_member_on`
  ADD PRIMARY KEY (`id_status_member_on`);

--
-- Indexes for table `tb_status_stop_sell`
--
ALTER TABLE `tb_status_stop_sell`
  ADD PRIMARY KEY (`id_status_stop_sell`);

--
-- AUTO_INCREMENT for dumped tables
--

--
-- AUTO_INCREMENT for table `tb_calendar_package`
--
ALTER TABLE `tb_calendar_package`
  MODIFY `id_calendar_package` int(11) NOT NULL AUTO_INCREMENT, AUTO_INCREMENT=418;

--
-- AUTO_INCREMENT for table `tb_data_tours`
--
ALTER TABLE `tb_data_tours`
  MODIFY `id_data_tour` int(11) NOT NULL AUTO_INCREMENT, AUTO_INCREMENT=16;

--
-- AUTO_INCREMENT for table `tb_files_register`
--
ALTER TABLE `tb_files_register`
  MODIFY `id_files` int(11) NOT NULL AUTO_INCREMENT, AUTO_INCREMENT=11;

--
-- AUTO_INCREMENT for table `tb_img_data_tour`
--
ALTER TABLE `tb_img_data_tour`
  MODIFY `id_img_data_tour` int(11) NOT NULL AUTO_INCREMENT, AUTO_INCREMENT=72;

--
-- AUTO_INCREMENT for table `tb_img_data_tours_meeting_p_1`
--
ALTER TABLE `tb_img_data_tours_meeting_p_1`
  MODIFY `id_img_data_tour_meeting_p_1` int(11) NOT NULL AUTO_INCREMENT, AUTO_INCREMENT=47;

--
-- AUTO_INCREMENT for table `tb_img_data_tours_meeting_p_2`
--
ALTER TABLE `tb_img_data_tours_meeting_p_2`
  MODIFY `id_img_data_tour_meeting_p_2` int(11) NOT NULL AUTO_INCREMENT, AUTO_INCREMENT=42;

--
-- AUTO_INCREMENT for table `tb_members`
--
ALTER TABLE `tb_members`
  MODIFY `id_member` int(11) NOT NULL AUTO_INCREMENT, AUTO_INCREMENT=15;

--
-- AUTO_INCREMENT for table `tb_package_tours`
--
ALTER TABLE `tb_package_tours`
  MODIFY `id_package_tour` int(11) NOT NULL AUTO_INCREMENT, AUTO_INCREMENT=14;

--
-- AUTO_INCREMENT for table `tb_status_approve`
--
ALTER TABLE `tb_status_approve`
  MODIFY `id_status_approve` tinyint(2) NOT NULL AUTO_INCREMENT, AUTO_INCREMENT=3;

--
-- AUTO_INCREMENT for table `tb_status_member_on`
--
ALTER TABLE `tb_status_member_on`
  MODIFY `id_status_member_on` int(1) NOT NULL AUTO_INCREMENT, AUTO_INCREMENT=3;

--
-- AUTO_INCREMENT for table `tb_status_stop_sell`
--
ALTER TABLE `tb_status_stop_sell`
  MODIFY `id_status_stop_sell` tinyint(2) NOT NULL AUTO_INCREMENT, AUTO_INCREMENT=3;

--
-- Constraints for dumped tables
--

--
-- Constraints for table `tb_calendar_package`
--
ALTER TABLE `tb_calendar_package`
  ADD CONSTRAINT `id_account` FOREIGN KEY (`id_account`) REFERENCES `tb_members` (`id_account`) ON DELETE CASCADE ON UPDATE CASCADE,
  ADD CONSTRAINT `id_package_tour_FK` FOREIGN KEY (`id_package_tour`) REFERENCES `tb_package_tours` (`id_package_tour`) ON DELETE CASCADE ON UPDATE CASCADE;

--
-- Constraints for table `tb_data_tours`
--
ALTER TABLE `tb_data_tours`
  ADD CONSTRAINT `id_account_FK` FOREIGN KEY (`id_account`) REFERENCES `tb_members` (`id_account`) ON DELETE CASCADE ON UPDATE CASCADE,
  ADD CONSTRAINT `id_status_approve_FK` FOREIGN KEY (`id_status_approve`) REFERENCES `tb_status_approve` (`id_status_approve`) ON DELETE CASCADE ON UPDATE CASCADE;

--
-- Constraints for table `tb_files_register`
--
ALTER TABLE `tb_files_register`
  ADD CONSTRAINT `id_account_FK_file_register` FOREIGN KEY (`id_account`) REFERENCES `tb_members` (`id_account`) ON DELETE CASCADE ON UPDATE CASCADE;

--
-- Constraints for table `tb_img_data_tour`
--
ALTER TABLE `tb_img_data_tour`
  ADD CONSTRAINT `id_data_tour_FK` FOREIGN KEY (`id_data_tour`) REFERENCES `tb_data_tours` (`id_data_tour`) ON DELETE CASCADE ON UPDATE CASCADE;

--
-- Constraints for table `tb_img_data_tours_meeting_p_1`
--
ALTER TABLE `tb_img_data_tours_meeting_p_1`
  ADD CONSTRAINT `id_data_tour_meeting_p_1_FK` FOREIGN KEY (`id_data_tour`) REFERENCES `tb_data_tours` (`id_data_tour`) ON DELETE CASCADE ON UPDATE CASCADE;

--
-- Constraints for table `tb_img_data_tours_meeting_p_2`
--
ALTER TABLE `tb_img_data_tours_meeting_p_2`
  ADD CONSTRAINT `id_data_tour_meeting_p_2_FK` FOREIGN KEY (`id_data_tour`) REFERENCES `tb_data_tours` (`id_data_tour`) ON DELETE CASCADE ON UPDATE CASCADE;

--
-- Constraints for table `tb_members`
--
ALTER TABLE `tb_members`
  ADD CONSTRAINT `id_status_member_on_FK` FOREIGN KEY (`id_status_member_on`) REFERENCES `tb_status_member_on` (`id_status_member_on`) ON DELETE CASCADE ON UPDATE CASCADE;

--
-- Constraints for table `tb_package_tours`
--
ALTER TABLE `tb_package_tours`
  ADD CONSTRAINT `id_account_package_FK` FOREIGN KEY (`id_account`) REFERENCES `tb_members` (`id_account`) ON DELETE CASCADE ON UPDATE CASCADE,
  ADD CONSTRAINT `id_data_tour__package_FK` FOREIGN KEY (`id_data_tour`) REFERENCES `tb_data_tours` (`id_data_tour`) ON DELETE CASCADE ON UPDATE CASCADE,
  ADD CONSTRAINT `id_status_stop_sell_package_FK` FOREIGN KEY (`id_status_stop_sell`) REFERENCES `tb_status_stop_sell` (`id_status_stop_sell`) ON DELETE CASCADE ON UPDATE CASCADE;
COMMIT;

/*!40101 SET CHARACTER_SET_CLIENT=@OLD_CHARACTER_SET_CLIENT */;
/*!40101 SET CHARACTER_SET_RESULTS=@OLD_CHARACTER_SET_RESULTS */;
/*!40101 SET COLLATION_CONNECTION=@OLD_COLLATION_CONNECTION */;
